t,kind,detail
0.05,explore_status,exploration_started
30.09,goal_succeeded,450b2e5f
30.21,frontiers,avail=13 black=0
30.21,goal_accepted,b737adf5
89.16,goal_succeeded,b737adf5
89.21,frontiers,avail=15 black=0
89.21,goal_accepted,d2fbe3cc
147.46,goal_succeeded,d2fbe3cc
147.71,frontiers,avail=13 black=0
147.71,goal_accepted,2394f6b2
262.81,goal_succeeded,2394f6b2
263.22,frontiers,avail=18 black=0
263.22,goal_accepted,22d689f8
300.72,goal_succeeded,22d689f8
301.22,frontiers,avail=14 black=0
301.22,goal_accepted,2c7eba87
420.79,goal_aborted,2c7eba87
426.25,frontiers,avail=11 black=0
426.25,goal_accepted,74af82a6
433.32,goal_aborted,74af82a6
438.77,frontiers,avail=10 black=0
438.77,goal_accepted,a8ce3343
466.10,goal_aborted,a8ce3343
471.28,frontiers,avail=7 black=0
471.28,goal_accepted,227166be
476.41,goal_aborted,227166be
481.78,frontiers,avail=7 black=0
481.78,goal_accepted,69e80997
517.28,goal_aborted,69e80997
522.30,frontiers,avail=7 black=0
522.30,goal_accepted,5c8c3db4
526.10,goal_aborted,5c8c3db4
531.30,frontiers,avail=7 black=0
531.30,goal_accepted,9190937c
542.16,goal_aborted,9190937c
547.32,frontiers,avail=8 black=0
547.33,goal_accepted,633aff57
553.13,goal_aborted,633aff57
558.35,frontiers,avail=8 black=0
558.36,goal_accepted,093d87c0
579.66,goal_aborted,093d87c0
584.90,frontiers,avail=8 black=0
584.90,goal_accepted,063354fe
630.66,goal_aborted,063354fe
635.93,frontiers,avail=8 black=0
635.94,goal_accepted,de2c6f4a
639.87,goal_aborted,de2c6f4a
644.94,frontiers,avail=8 black=0
644.94,goal_accepted,c5b150fb
651.07,goal_aborted,c5b150fb
656.45,frontiers,avail=8 black=0
656.45,goal_accepted,c16930dd
657.35,goal_aborted,c16930dd
662.45,frontiers,avail=8 black=0
662.45,goal_accepted,bd3a5208
664.29,goal_aborted,bd3a5208
669.45,frontiers,avail=8 black=0
669.45,goal_accepted,df14f78d
765.90,goal_aborted,df14f78d
770.97,frontiers,avail=8 black=0
770.97,goal_accepted,a2938859
796.32,goal_aborted,a2938859
801.47,frontiers,avail=5 black=0
801.47,goal_accepted,46beab02
856.35,goal_aborted,46beab02
861.47,frontiers,avail=2 black=0
861.47,goal_accepted,ed6e6296
890.78,goal_aborted,ed6e6296
895.98,frontiers,avail=0 black=0
895.98,explore_status,exploration_complete
896.48,frontiers,avail=0 black=0
896.48,explore_status,exploration_complete
896.98,frontiers,avail=0 black=0
896.98,explore_status,exploration_complete
897.48,frontiers,avail=0 black=0
897.48,explore_status,exploration_complete
897.98,frontiers,avail=0 black=0
897.98,explore_status,exploration_complete
898.48,frontiers,avail=0 black=0
898.48,explore_status,exploration_complete
898.98,frontiers,avail=0 black=0
898.98,explore_status,exploration_complete
899.48,frontiers,avail=0 black=0
899.48,explore_status,exploration_complete
899.98,frontiers,avail=0 black=0
899.98,explore_status,exploration_complete
900.48,frontiers,avail=0 black=0
900.48,explore_status,exploration_complete
900.98,frontiers,avail=0 black=0
900.98,explore_status,exploration_complete
901.48,frontiers,avail=0 black=0
901.48,explore_status,exploration_complete
901.98,frontiers,avail=0 black=0
901.98,explore_status,exploration_complete
902.48,frontiers,avail=0 black=0
902.48,explore_status,exploration_complete
902.98,frontiers,avail=0 black=0
902.98,explore_status,exploration_complete
903.48,frontiers,avail=0 black=0
903.48,explore_status,exploration_complete
903.98,frontiers,avail=0 black=0
903.98,explore_status,exploration_complete
904.48,frontiers,avail=0 black=0
904.48,explore_status,exploration_complete
904.98,frontiers,avail=0 black=0
904.98,explore_status,exploration_complete
905.48,frontiers,avail=0 black=0
905.48,explore_status,exploration_complete
905.98,frontiers,avail=0 black=0
905.98,explore_status,exploration_complete
906.48,frontiers,avail=0 black=0
906.48,explore_status,exploration_complete
906.98,frontiers,avail=0 black=0
906.98,explore_status,exploration_complete
907.48,frontiers,avail=0 black=0
907.48,explore_status,exploration_complete
907.98,frontiers,avail=0 black=0
907.98,explore_status,exploration_complete
908.48,frontiers,avail=0 black=0
908.48,explore_status,exploration_complete
908.98,frontiers,avail=0 black=0
908.98,explore_status,exploration_complete
909.48,frontiers,avail=0 black=0
909.48,explore_status,exploration_complete
909.98,frontiers,avail=0 black=0
909.98,explore_status,exploration_complete
910.48,frontiers,avail=0 black=0
910.48,explore_status,exploration_complete
910.98,frontiers,avail=0 black=0
910.98,explore_status,exploration_complete
911.48,frontiers,avail=0 black=0
911.48,explore_status,exploration_complete
911.98,frontiers,avail=0 black=0
911.98,explore_status,exploration_complete
912.48,frontiers,avail=0 black=0
912.48,explore_status,exploration_complete
912.98,frontiers,avail=0 black=0
912.98,explore_status,exploration_complete
913.48,frontiers,avail=0 black=0
913.48,explore_status,exploration_complete
913.98,frontiers,avail=0 black=0
913.98,explore_status,exploration_complete
914.48,frontiers,avail=0 black=0
914.48,explore_status,exploration_complete
914.98,frontiers,avail=0 black=0
914.98,explore_status,exploration_complete
915.48,frontiers,avail=0 black=0
915.48,explore_status,exploration_complete
915.98,frontiers,avail=0 black=0
915.98,explore_status,exploration_complete
916.48,frontiers,avail=0 black=0
916.48,explore_status,exploration_complete
916.98,frontiers,avail=0 black=0
916.98,explore_status,exploration_complete
917.48,frontiers,avail=0 black=0
917.48,explore_status,exploration_complete
917.98,frontiers,avail=0 black=0
917.98,explore_status,exploration_complete
918.48,frontiers,avail=0 black=0
918.48,explore_status,exploration_complete
918.98,frontiers,avail=0 black=0
918.98,explore_status,exploration_complete
919.48,frontiers,avail=0 black=0
919.48,explore_status,exploration_complete
919.98,frontiers,avail=0 black=0
919.98,explore_status,exploration_complete
920.48,frontiers,avail=0 black=0
920.48,explore_status,exploration_complete
920.98,frontiers,avail=0 black=0
920.98,explore_status,exploration_complete
921.48,frontiers,avail=0 black=0
921.48,explore_status,exploration_complete
921.98,frontiers,avail=0 black=0
921.98,explore_status,exploration_complete
922.48,frontiers,avail=0 black=0
922.48,explore_status,exploration_complete
922.98,frontiers,avail=0 black=0
922.98,explore_status,exploration_complete
923.48,frontiers,avail=0 black=0
923.48,explore_status,exploration_complete
923.98,frontiers,avail=0 black=0
923.98,explore_status,exploration_complete
924.48,frontiers,avail=0 black=0
924.48,explore_status,exploration_complete
924.98,frontiers,avail=0 black=0
924.98,explore_status,exploration_complete
925.48,frontiers,avail=0 black=0
925.48,explore_status,exploration_complete
925.98,frontiers,avail=0 black=0
925.98,explore_status,exploration_complete
926.48,frontiers,avail=0 black=0
926.48,explore_status,exploration_complete
926.98,frontiers,avail=0 black=0
926.98,explore_status,exploration_complete
927.48,frontiers,avail=0 black=0
927.48,explore_status,exploration_complete
927.98,frontiers,avail=0 black=0
927.98,explore_status,exploration_complete
928.48,frontiers,avail=0 black=0
928.48,explore_status,exploration_complete
928.98,frontiers,avail=0 black=0
928.98,explore_status,exploration_complete
929.48,frontiers,avail=0 black=0
929.48,explore_status,exploration_complete
929.98,frontiers,avail=0 black=0
929.98,explore_status,exploration_complete
930.48,frontiers,avail=0 black=0
930.48,explore_status,exploration_complete
930.98,frontiers,avail=0 black=0
930.98,explore_status,exploration_complete
931.48,frontiers,avail=0 black=0
931.48,explore_status,exploration_complete
931.98,frontiers,avail=0 black=0
931.98,explore_status,exploration_complete
932.48,frontiers,avail=0 black=0
932.48,explore_status,exploration_complete
932.98,frontiers,avail=0 black=0
932.98,explore_status,exploration_complete
933.48,frontiers,avail=0 black=0
933.48,explore_status,exploration_complete
933.98,frontiers,avail=0 black=0
933.98,explore_status,exploration_complete
934.48,frontiers,avail=0 black=0
934.48,explore_status,exploration_complete
934.98,frontiers,avail=0 black=0
934.98,explore_status,exploration_complete
935.48,frontiers,avail=0 black=0
935.48,explore_status,exploration_complete
935.98,frontiers,avail=0 black=0
935.98,explore_status,exploration_complete
936.48,frontiers,avail=0 black=0
936.48,explore_status,exploration_complete
936.98,frontiers,avail=0 black=0
936.98,explore_status,exploration_complete
937.48,frontiers,avail=0 black=0
937.48,explore_status,exploration_complete
937.98,frontiers,avail=0 black=0
937.98,explore_status,exploration_complete
938.48,frontiers,avail=0 black=0
938.48,explore_status,exploration_complete
938.98,frontiers,avail=0 black=0
938.98,explore_status,exploration_complete
939.48,frontiers,avail=0 black=0
939.48,explore_status,exploration_complete
939.98,frontiers,avail=0 black=0
939.98,explore_status,exploration_complete
940.48,frontiers,avail=0 black=0
940.48,explore_status,exploration_complete
940.98,frontiers,avail=0 black=0
940.98,explore_status,exploration_complete
941.48,frontiers,avail=0 black=0
941.48,explore_status,exploration_complete
941.98,frontiers,avail=0 black=0
941.98,explore_status,exploration_complete
942.48,frontiers,avail=0 black=0
942.48,explore_status,exploration_complete
942.98,frontiers,avail=0 black=0
942.98,explore_status,exploration_complete
943.48,frontiers,avail=0 black=0
943.48,explore_status,exploration_complete
943.98,frontiers,avail=0 black=0
943.98,explore_status,exploration_complete
944.48,frontiers,avail=0 black=0
944.48,explore_status,exploration_complete
944.98,frontiers,avail=0 black=0
944.98,explore_status,exploration_complete
945.48,frontiers,avail=0 black=0
945.48,explore_status,exploration_complete
945.98,frontiers,avail=0 black=0
945.98,explore_status,exploration_complete
946.48,frontiers,avail=0 black=0
946.48,explore_status,exploration_complete
946.98,frontiers,avail=0 black=0
946.98,explore_status,exploration_complete
947.48,frontiers,avail=0 black=0
947.48,explore_status,exploration_complete
947.98,frontiers,avail=0 black=0
947.98,explore_status,exploration_complete
948.48,frontiers,avail=0 black=0
948.48,explore_status,exploration_complete
948.98,frontiers,avail=0 black=0
948.98,explore_status,exploration_complete
949.48,frontiers,avail=0 black=0
949.48,explore_status,exploration_complete
949.98,frontiers,avail=0 black=0
949.98,explore_status,exploration_complete
950.48,frontiers,avail=0 black=0
950.48,explore_status,exploration_complete
950.98,frontiers,avail=0 black=0
950.98,explore_status,exploration_complete
951.48,frontiers,avail=0 black=0
951.48,explore_status,exploration_complete
951.98,frontiers,avail=0 black=0
951.98,explore_status,exploration_complete
952.48,frontiers,avail=0 black=0
952.48,explore_status,exploration_complete
952.98,frontiers,avail=0 black=0
952.98,explore_status,exploration_complete
953.48,frontiers,avail=0 black=0
953.48,explore_status,exploration_complete
953.98,frontiers,avail=0 black=0
953.98,explore_status,exploration_complete
954.48,frontiers,avail=0 black=0
954.48,explore_status,exploration_complete
954.98,frontiers,avail=0 black=0
954.98,explore_status,exploration_complete
955.48,frontiers,avail=0 black=0
955.48,explore_status,exploration_complete
955.98,frontiers,avail=0 black=0
955.98,explore_status,exploration_complete
956.48,frontiers,avail=0 black=0
956.48,explore_status,exploration_complete
956.98,frontiers,avail=0 black=0
956.98,explore_status,exploration_complete
957.48,frontiers,avail=0 black=0
957.48,explore_status,exploration_complete
957.98,frontiers,avail=0 black=0
957.98,explore_status,exploration_complete
958.48,frontiers,avail=0 black=0
958.48,explore_status,exploration_complete
958.98,frontiers,avail=0 black=0
958.98,explore_status,exploration_complete
959.48,frontiers,avail=0 black=0
959.48,explore_status,exploration_complete
959.98,frontiers,avail=0 black=0
959.98,explore_status,exploration_complete
960.48,frontiers,avail=0 black=0
960.48,explore_status,exploration_complete
960.98,frontiers,avail=0 black=0
960.98,explore_status,exploration_complete
961.48,frontiers,avail=0 black=0
961.48,explore_status,exploration_complete
961.98,frontiers,avail=0 black=0
961.98,explore_status,exploration_complete
962.48,frontiers,avail=0 black=0
962.48,explore_status,exploration_complete
962.98,frontiers,avail=0 black=0
962.98,explore_status,exploration_complete
963.48,frontiers,avail=0 black=0
963.48,explore_status,exploration_complete
963.98,frontiers,avail=0 black=0
963.98,explore_status,exploration_complete
964.48,frontiers,avail=0 black=0
964.48,explore_status,exploration_complete
964.98,frontiers,avail=0 black=0
964.98,explore_status,exploration_complete
965.48,frontiers,avail=0 black=0
965.48,explore_status,exploration_complete
965.98,frontiers,avail=0 black=0
965.98,explore_status,exploration_complete
966.48,frontiers,avail=0 black=0
966.48,explore_status,exploration_complete
966.98,frontiers,avail=0 black=0
966.98,explore_status,exploration_complete
967.48,frontiers,avail=0 black=0
967.48,explore_status,exploration_complete
967.98,frontiers,avail=0 black=0
967.98,explore_status,exploration_complete
968.48,frontiers,avail=0 black=0
968.48,explore_status,exploration_complete
968.98,frontiers,avail=0 black=0
968.98,explore_status,exploration_complete
969.48,frontiers,avail=0 black=0
969.48,explore_status,exploration_complete
969.98,frontiers,avail=0 black=0
969.98,explore_status,exploration_complete
970.48,frontiers,avail=0 black=0
970.48,explore_status,exploration_complete
970.98,frontiers,avail=0 black=0
970.98,explore_status,exploration_complete
971.48,frontiers,avail=0 black=0
971.48,explore_status,exploration_complete
971.98,frontiers,avail=0 black=0
971.98,explore_status,exploration_complete
972.48,frontiers,avail=0 black=0
972.48,explore_status,exploration_complete
972.98,frontiers,avail=0 black=0
972.98,explore_status,exploration_complete
973.48,frontiers,avail=0 black=0
973.48,explore_status,exploration_complete
973.98,frontiers,avail=0 black=0
973.98,explore_status,exploration_complete
974.48,frontiers,avail=0 black=0
974.48,explore_status,exploration_complete
974.98,frontiers,avail=0 black=0
974.98,explore_status,exploration_complete
975.48,frontiers,avail=0 black=0
975.48,explore_status,exploration_complete
975.98,frontiers,avail=0 black=0
975.98,explore_status,exploration_complete
976.48,frontiers,avail=0 black=0
976.48,explore_status,exploration_complete
976.98,frontiers,avail=0 black=0
976.98,explore_status,exploration_complete
977.48,frontiers,avail=0 black=0
977.48,explore_status,exploration_complete
977.98,frontiers,avail=0 black=0
977.98,explore_status,exploration_complete
978.48,frontiers,avail=0 black=0
978.48,explore_status,exploration_complete
978.98,frontiers,avail=0 black=0
978.98,explore_status,exploration_complete
979.48,frontiers,avail=0 black=0
979.48,explore_status,exploration_complete
979.98,frontiers,avail=0 black=0
979.98,explore_status,exploration_complete
980.48,frontiers,avail=0 black=0
980.48,explore_status,exploration_complete
980.98,frontiers,avail=0 black=0
980.98,explore_status,exploration_complete
981.48,frontiers,avail=0 black=0
981.48,explore_status,exploration_complete
981.98,frontiers,avail=0 black=0
981.98,explore_status,exploration_complete
982.48,frontiers,avail=0 black=0
982.48,explore_status,exploration_complete
982.98,frontiers,avail=0 black=0
982.98,explore_status,exploration_complete
983.48,frontiers,avail=0 black=0
983.48,explore_status,exploration_complete
983.98,frontiers,avail=0 black=0
983.98,explore_status,exploration_complete
984.48,frontiers,avail=0 black=0
984.48,explore_status,exploration_complete
984.98,frontiers,avail=0 black=0
984.98,explore_status,exploration_complete
985.48,frontiers,avail=0 black=0
985.48,explore_status,exploration_complete
985.98,frontiers,avail=0 black=0
985.98,explore_status,exploration_complete
986.48,frontiers,avail=0 black=0
986.48,explore_status,exploration_complete
986.98,frontiers,avail=0 black=0
986.98,explore_status,exploration_complete
987.48,frontiers,avail=0 black=0
987.48,explore_status,exploration_complete
987.98,frontiers,avail=0 black=0
987.98,explore_status,exploration_complete
988.48,frontiers,avail=0 black=0
988.48,explore_status,exploration_complete
988.98,frontiers,avail=0 black=0
988.98,explore_status,exploration_complete
989.48,frontiers,avail=0 black=0
989.48,explore_status,exploration_complete
989.98,frontiers,avail=0 black=0
989.98,explore_status,exploration_complete
990.48,frontiers,avail=0 black=0
990.48,explore_status,exploration_complete
990.98,frontiers,avail=0 black=0
990.98,explore_status,exploration_complete
991.48,frontiers,avail=0 black=0
991.48,explore_status,exploration_complete
991.98,frontiers,avail=0 black=0
991.98,explore_status,exploration_complete
992.48,frontiers,avail=0 black=0
992.48,explore_status,exploration_complete
992.98,frontiers,avail=0 black=0
992.98,explore_status,exploration_complete
993.48,frontiers,avail=0 black=0
993.48,explore_status,exploration_complete
993.98,frontiers,avail=0 black=0
993.98,explore_status,exploration_complete
994.48,frontiers,avail=0 black=0
994.48,explore_status,exploration_complete
994.98,frontiers,avail=0 black=0
994.98,explore_status,exploration_complete
995.48,frontiers,avail=0 black=0
995.48,explore_status,exploration_complete
995.98,frontiers,avail=0 black=0
995.98,explore_status,exploration_complete
996.48,frontiers,avail=0 black=0
996.48,explore_status,exploration_complete
996.98,frontiers,avail=0 black=0
996.98,explore_status,exploration_complete
997.48,frontiers,avail=0 black=0
997.48,explore_status,exploration_complete
997.98,frontiers,avail=0 black=0
997.98,explore_status,exploration_complete
998.48,frontiers,avail=0 black=0
998.48,explore_status,exploration_complete
998.98,frontiers,avail=0 black=0
998.98,explore_status,exploration_complete
999.48,frontiers,avail=0 black=0
999.48,explore_status,exploration_complete
999.98,frontiers,avail=0 black=0
999.98,explore_status,exploration_complete
1000.48,frontiers,avail=0 black=0
1000.48,explore_status,exploration_complete
1000.98,frontiers,avail=0 black=0
1000.98,explore_status,exploration_complete
1001.48,frontiers,avail=0 black=0
1001.48,explore_status,exploration_complete
1001.98,frontiers,avail=0 black=0
1001.98,explore_status,exploration_complete
1002.48,frontiers,avail=0 black=0
1002.48,explore_status,exploration_complete
1002.98,frontiers,avail=0 black=0
1002.98,explore_status,exploration_complete
1003.48,frontiers,avail=0 black=0
1003.48,explore_status,exploration_complete
1003.98,frontiers,avail=0 black=0
1003.98,explore_status,exploration_complete
1004.48,frontiers,avail=0 black=0
1004.48,explore_status,exploration_complete
1004.98,frontiers,avail=0 black=0
1004.98,explore_status,exploration_complete
1005.48,frontiers,avail=0 black=0
1005.48,explore_status,exploration_complete
1005.98,frontiers,avail=0 black=0
1005.98,explore_status,exploration_complete
1006.48,frontiers,avail=0 black=0
1006.48,explore_status,exploration_complete
1006.98,frontiers,avail=0 black=0
1006.98,explore_status,exploration_complete
1007.48,frontiers,avail=0 black=0
1007.48,explore_status,exploration_complete
1007.98,frontiers,avail=0 black=0
1007.98,explore_status,exploration_complete
1008.48,frontiers,avail=0 black=0
1008.48,explore_status,exploration_complete
1008.98,frontiers,avail=0 black=0
1008.98,explore_status,exploration_complete
1009.48,frontiers,avail=0 black=0
1009.48,explore_status,exploration_complete
1009.98,frontiers,avail=0 black=0
1009.98,explore_status,exploration_complete
1010.48,frontiers,avail=0 black=0
1010.48,explore_status,exploration_complete
1010.98,frontiers,avail=0 black=0
1010.98,explore_status,exploration_complete
1011.48,frontiers,avail=0 black=0
1011.48,explore_status,exploration_complete
1011.98,frontiers,avail=0 black=0
1011.98,explore_status,exploration_complete
1012.48,frontiers,avail=0 black=0
1012.48,explore_status,exploration_complete
1012.98,frontiers,avail=0 black=0
1012.98,explore_status,exploration_complete
1013.48,frontiers,avail=0 black=0
1013.48,explore_status,exploration_complete
1013.98,frontiers,avail=0 black=0
1013.98,explore_status,exploration_complete
1014.48,frontiers,avail=0 black=0
1014.48,explore_status,exploration_complete
1014.98,frontiers,avail=0 black=0
1014.98,explore_status,exploration_complete
1015.48,frontiers,avail=0 black=0
1015.48,explore_status,exploration_complete
1015.98,frontiers,avail=0 black=0
1015.98,explore_status,exploration_complete
1016.48,frontiers,avail=0 black=0
1016.48,explore_status,exploration_complete
1016.98,frontiers,avail=0 black=0
1016.98,explore_status,exploration_complete
1017.48,frontiers,avail=0 black=0
1017.48,explore_status,exploration_complete
1017.98,frontiers,avail=0 black=0
1017.98,explore_status,exploration_complete
1018.48,frontiers,avail=0 black=0
1018.48,explore_status,exploration_complete
1018.98,frontiers,avail=0 black=0
1018.98,explore_status,exploration_complete
1019.48,frontiers,avail=0 black=0
1019.48,explore_status,exploration_complete
1019.98,frontiers,avail=0 black=0
1019.98,explore_status,exploration_complete
1020.48,frontiers,avail=0 black=0
1020.48,explore_status,exploration_complete
1020.98,frontiers,avail=0 black=0
1020.98,explore_status,exploration_complete
1021.48,frontiers,avail=0 black=0
1021.48,explore_status,exploration_complete
1021.98,frontiers,avail=0 black=0
1021.98,explore_status,exploration_complete
1022.48,frontiers,avail=0 black=0
1022.48,explore_status,exploration_complete
1022.98,frontiers,avail=0 black=0
1022.98,explore_status,exploration_complete
1023.48,frontiers,avail=0 black=0
1023.48,explore_status,exploration_complete
1023.98,frontiers,avail=0 black=0
1023.98,explore_status,exploration_complete
1024.48,frontiers,avail=0 black=0
1024.48,explore_status,exploration_complete
1024.98,frontiers,avail=0 black=0
1024.98,explore_status,exploration_complete
1025.48,frontiers,avail=0 black=0
1025.48,explore_status,exploration_complete
1025.98,frontiers,avail=0 black=0
1025.98,explore_status,exploration_complete
1026.48,frontiers,avail=0 black=0
1026.48,explore_status,exploration_complete
1026.98,frontiers,avail=0 black=0
1026.98,explore_status,exploration_complete
1027.48,frontiers,avail=0 black=0
1027.48,explore_status,exploration_complete
1027.98,frontiers,avail=0 black=0
1027.98,explore_status,exploration_complete
1028.48,frontiers,avail=0 black=0
1028.48,explore_status,exploration_complete
1028.98,frontiers,avail=0 black=0
1028.98,explore_status,exploration_complete
1029.48,frontiers,avail=0 black=0
1029.48,explore_status,exploration_complete
1029.98,frontiers,avail=0 black=0
1029.98,explore_status,exploration_complete
1030.48,frontiers,avail=0 black=0
1030.48,explore_status,exploration_complete
1030.98,frontiers,avail=0 black=0
1030.98,explore_status,exploration_complete
1031.48,frontiers,avail=0 black=0
1031.48,explore_status,exploration_complete
1031.98,frontiers,avail=0 black=0
1031.98,explore_status,exploration_complete
1032.48,frontiers,avail=0 black=0
1032.48,explore_status,exploration_complete
1032.98,frontiers,avail=0 black=0
1032.98,explore_status,exploration_complete
1033.48,frontiers,avail=0 black=0
1033.48,explore_status,exploration_complete
1033.98,frontiers,avail=0 black=0
1033.98,explore_status,exploration_complete
1034.48,frontiers,avail=0 black=0
1034.48,explore_status,exploration_complete
1034.98,frontiers,avail=0 black=0
1034.98,explore_status,exploration_complete
1035.48,frontiers,avail=0 black=0
1035.48,explore_status,exploration_complete
1035.98,frontiers,avail=0 black=0
1035.98,explore_status,exploration_complete
1036.48,frontiers,avail=0 black=0
1036.48,explore_status,exploration_complete
1036.98,frontiers,avail=0 black=0
1036.98,explore_status,exploration_complete
1037.48,frontiers,avail=0 black=0
1037.48,explore_status,exploration_complete
1037.98,frontiers,avail=0 black=0
1037.98,explore_status,exploration_complete
1038.48,frontiers,avail=0 black=0
1038.48,explore_status,exploration_complete
1038.98,frontiers,avail=0 black=0
1038.98,explore_status,exploration_complete
1039.48,frontiers,avail=0 black=0
1039.48,explore_status,exploration_complete
1039.98,frontiers,avail=0 black=0
1039.98,explore_status,exploration_complete
1040.48,frontiers,avail=0 black=0
1040.48,explore_status,exploration_complete
1040.98,frontiers,avail=0 black=0
1040.98,explore_status,exploration_complete
1041.48,frontiers,avail=0 black=0
1041.48,explore_status,exploration_complete
1041.98,frontiers,avail=0 black=0
1041.98,explore_status,exploration_complete
1042.48,frontiers,avail=0 black=0
1042.48,explore_status,exploration_complete
1042.98,frontiers,avail=0 black=0
1042.98,explore_status,exploration_complete
1043.48,frontiers,avail=0 black=0
1043.48,explore_status,exploration_complete
1043.98,frontiers,avail=0 black=0
1043.98,explore_status,exploration_complete
1044.48,frontiers,avail=0 black=0
1044.48,explore_status,exploration_complete
1044.98,frontiers,avail=0 black=0
1044.98,explore_status,exploration_complete
1045.48,frontiers,avail=0 black=0
1045.48,explore_status,exploration_complete
1045.98,frontiers,avail=0 black=0
1045.98,explore_status,exploration_complete
1046.48,frontiers,avail=0 black=0
1046.48,explore_status,exploration_complete
1046.98,frontiers,avail=0 black=0
1046.98,explore_status,exploration_complete
1047.48,frontiers,avail=0 black=0
1047.48,explore_status,exploration_complete
1047.98,frontiers,avail=0 black=0
1047.98,explore_status,exploration_complete
1048.48,frontiers,avail=0 black=0
1048.48,explore_status,exploration_complete
1048.98,frontiers,avail=0 black=0
1048.98,explore_status,exploration_complete
1049.48,frontiers,avail=0 black=0
1049.48,explore_status,exploration_complete
1049.98,frontiers,avail=0 black=0
1049.98,explore_status,exploration_complete
1050.48,frontiers,avail=0 black=0
1050.48,explore_status,exploration_complete
1050.98,frontiers,avail=0 black=0
1050.98,explore_status,exploration_complete
1051.48,frontiers,avail=0 black=0
1051.48,explore_status,exploration_complete
1051.98,frontiers,avail=0 black=0
1051.98,explore_status,exploration_complete
1052.48,frontiers,avail=0 black=0
1052.48,explore_status,exploration_complete
1052.98,frontiers,avail=0 black=0
1052.98,explore_status,exploration_complete
1053.48,frontiers,avail=0 black=0
1053.48,explore_status,exploration_complete
1053.98,frontiers,avail=0 black=0
1053.98,explore_status,exploration_complete
1054.48,frontiers,avail=0 black=0
1054.48,explore_status,exploration_complete
1054.98,frontiers,avail=0 black=0
1054.98,explore_status,exploration_complete
1055.48,frontiers,avail=0 black=0
1055.48,explore_status,exploration_complete
1055.98,frontiers,avail=0 black=0
1055.98,explore_status,exploration_complete
1056.48,frontiers,avail=0 black=0
1056.48,explore_status,exploration_complete
1056.98,frontiers,avail=0 black=0
1056.98,explore_status,exploration_complete
1057.48,frontiers,avail=0 black=0
1057.48,explore_status,exploration_complete
1057.98,frontiers,avail=0 black=0
1057.98,explore_status,exploration_complete
1058.48,frontiers,avail=0 black=0
1058.48,explore_status,exploration_complete
1058.98,frontiers,avail=0 black=0
1058.98,explore_status,exploration_complete
1059.48,frontiers,avail=0 black=0
1059.48,explore_status,exploration_complete
1059.98,frontiers,avail=0 black=0
1059.98,explore_status,exploration_complete
1060.48,frontiers,avail=0 black=0
1060.48,explore_status,exploration_complete
1060.98,frontiers,avail=0 black=0
1060.98,explore_status,exploration_complete
1061.48,frontiers,avail=0 black=0
1061.48,explore_status,exploration_complete
1061.98,frontiers,avail=0 black=0
1061.98,explore_status,exploration_complete
1062.48,frontiers,avail=0 black=0
1062.48,explore_status,exploration_complete
1062.98,frontiers,avail=0 black=0
1062.98,explore_status,exploration_complete
1063.48,frontiers,avail=0 black=0
1063.48,explore_status,exploration_complete
1063.98,frontiers,avail=0 black=0
1063.98,explore_status,exploration_complete
1064.48,frontiers,avail=0 black=0
1064.48,explore_status,exploration_complete
1064.98,frontiers,avail=0 black=0
1064.98,explore_status,exploration_complete
1065.48,frontiers,avail=0 black=0
1065.48,explore_status,exploration_complete
1065.98,frontiers,avail=0 black=0
1065.98,explore_status,exploration_complete
1066.48,frontiers,avail=0 black=0
1066.48,explore_status,exploration_complete
1066.98,frontiers,avail=0 black=0
1066.98,explore_status,exploration_complete
1067.48,frontiers,avail=0 black=0
1067.48,explore_status,exploration_complete
1067.98,frontiers,avail=0 black=0
1067.98,explore_status,exploration_complete
1068.48,frontiers,avail=0 black=0
1068.48,explore_status,exploration_complete
1068.98,frontiers,avail=0 black=0
1068.98,explore_status,exploration_complete
1069.48,frontiers,avail=0 black=0
1069.48,explore_status,exploration_complete
1069.98,frontiers,avail=0 black=0
1069.98,explore_status,exploration_complete
1070.48,frontiers,avail=0 black=0
1070.48,explore_status,exploration_complete
1070.98,frontiers,avail=0 black=0
1070.98,explore_status,exploration_complete
1071.48,frontiers,avail=0 black=0
1071.48,explore_status,exploration_complete
1071.98,frontiers,avail=0 black=0
1071.98,explore_status,exploration_complete
1072.48,frontiers,avail=0 black=0
1072.48,explore_status,exploration_complete
1072.98,frontiers,avail=0 black=0
1072.98,explore_status,exploration_complete
1073.48,frontiers,avail=0 black=0
1073.48,explore_status,exploration_complete
1073.98,frontiers,avail=0 black=0
1073.98,explore_status,exploration_complete
1074.48,frontiers,avail=0 black=0
1074.48,explore_status,exploration_complete
1074.98,frontiers,avail=0 black=0
1074.98,explore_status,exploration_complete
1075.48,frontiers,avail=0 black=0
1075.48,explore_status,exploration_complete
1075.98,frontiers,avail=0 black=0
1075.98,explore_status,exploration_complete
1076.48,frontiers,avail=0 black=0
1076.48,explore_status,exploration_complete
1076.98,frontiers,avail=0 black=0
1076.98,explore_status,exploration_complete
1077.48,frontiers,avail=0 black=0
1077.49,explore_status,exploration_complete
1077.98,frontiers,avail=0 black=0
1077.98,explore_status,exploration_complete
1078.48,frontiers,avail=0 black=0
1078.48,explore_status,exploration_complete
1078.98,frontiers,avail=0 black=0
1078.98,explore_status,exploration_complete
1079.48,frontiers,avail=0 black=0
1079.48,explore_status,exploration_complete
1079.98,frontiers,avail=0 black=0
1079.98,explore_status,exploration_complete
1080.48,frontiers,avail=0 black=0
1080.48,explore_status,exploration_complete
1080.98,frontiers,avail=0 black=0
1080.98,explore_status,exploration_complete
1081.48,frontiers,avail=0 black=0
1081.48,explore_status,exploration_complete
1081.98,frontiers,avail=0 black=0
1081.98,explore_status,exploration_complete
1082.48,frontiers,avail=0 black=0
1082.48,explore_status,exploration_complete
1082.98,frontiers,avail=0 black=0
1082.98,explore_status,exploration_complete
1083.48,frontiers,avail=0 black=0
1083.48,explore_status,exploration_complete
1083.98,frontiers,avail=0 black=0
1083.98,explore_status,exploration_complete
1084.48,frontiers,avail=0 black=0
1084.48,explore_status,exploration_complete
1084.98,frontiers,avail=0 black=0
1084.98,explore_status,exploration_complete
1085.48,frontiers,avail=0 black=0
1085.48,explore_status,exploration_complete
1085.98,frontiers,avail=0 black=0
1085.98,explore_status,exploration_complete
1086.48,frontiers,avail=0 black=0
1086.48,explore_status,exploration_complete
1086.98,frontiers,avail=0 black=0
1086.98,explore_status,exploration_complete
1087.48,frontiers,avail=0 black=0
1087.48,explore_status,exploration_complete
1087.98,frontiers,avail=0 black=0
1087.98,explore_status,exploration_complete
1088.48,frontiers,avail=0 black=0
1088.48,explore_status,exploration_complete
1088.98,frontiers,avail=0 black=0
1088.98,explore_status,exploration_complete
1089.48,frontiers,avail=0 black=0
1089.48,explore_status,exploration_complete
1089.98,frontiers,avail=0 black=0
1089.98,explore_status,exploration_complete
1090.48,frontiers,avail=0 black=0
1090.48,explore_status,exploration_complete
1090.98,frontiers,avail=0 black=0
1090.98,explore_status,exploration_complete
1091.48,frontiers,avail=0 black=0
1091.48,explore_status,exploration_complete
1091.98,frontiers,avail=0 black=0
1091.98,explore_status,exploration_complete
1092.48,frontiers,avail=0 black=0
1092.48,explore_status,exploration_complete
1092.98,frontiers,avail=0 black=0
1092.98,explore_status,exploration_complete
1093.48,frontiers,avail=0 black=0
1093.48,explore_status,exploration_complete
1093.98,frontiers,avail=0 black=0
1093.98,explore_status,exploration_complete
1094.48,frontiers,avail=0 black=0
1094.48,explore_status,exploration_complete
1094.98,frontiers,avail=0 black=0
1094.98,explore_status,exploration_complete
1095.48,frontiers,avail=0 black=0
1095.49,explore_status,exploration_complete
1095.98,frontiers,avail=0 black=0
1095.98,explore_status,exploration_complete
1096.48,frontiers,avail=0 black=0
1096.48,explore_status,exploration_complete
1096.98,frontiers,avail=0 black=0
1096.98,explore_status,exploration_complete
1097.48,frontiers,avail=0 black=0
1097.48,explore_status,exploration_complete
1097.98,frontiers,avail=0 black=0
1097.98,explore_status,exploration_complete
1098.48,frontiers,avail=0 black=0
1098.48,explore_status,exploration_complete
1098.98,frontiers,avail=0 black=0
1098.98,explore_status,exploration_complete
1099.48,frontiers,avail=0 black=0
1099.48,explore_status,exploration_complete
1099.98,frontiers,avail=0 black=0
1099.98,explore_status,exploration_complete
1100.48,frontiers,avail=0 black=0
1100.48,explore_status,exploration_complete
1100.98,frontiers,avail=0 black=0
1100.98,explore_status,exploration_complete
1101.48,frontiers,avail=0 black=0
1101.48,explore_status,exploration_complete
1101.98,frontiers,avail=0 black=0
1101.98,explore_status,exploration_complete
1102.48,frontiers,avail=0 black=0
1102.48,explore_status,exploration_complete
1102.98,frontiers,avail=0 black=0
1102.98,explore_status,exploration_complete
1103.48,frontiers,avail=0 black=0
1103.48,explore_status,exploration_complete
1103.98,frontiers,avail=0 black=0
1103.98,explore_status,exploration_complete
1104.48,frontiers,avail=0 black=0
1104.48,explore_status,exploration_complete
1104.98,frontiers,avail=0 black=0
1104.98,explore_status,exploration_complete
1105.48,frontiers,avail=0 black=0
1105.48,explore_status,exploration_complete
1105.98,frontiers,avail=0 black=0
1105.98,explore_status,exploration_complete
1106.48,frontiers,avail=0 black=0
1106.48,explore_status,exploration_complete
1106.98,frontiers,avail=0 black=0
1106.98,explore_status,exploration_complete
1107.48,frontiers,avail=0 black=0
1107.48,explore_status,exploration_complete
1107.98,frontiers,avail=0 black=0
1107.98,explore_status,exploration_complete
1108.48,frontiers,avail=0 black=0
1108.48,explore_status,exploration_complete
1108.98,frontiers,avail=0 black=0
1108.99,explore_status,exploration_complete
1109.48,frontiers,avail=0 black=0
1109.48,explore_status,exploration_complete
1109.98,frontiers,avail=0 black=0
1109.98,explore_status,exploration_complete
1110.48,frontiers,avail=0 black=0
1110.48,explore_status,exploration_complete
1110.98,frontiers,avail=0 black=0
1110.98,explore_status,exploration_complete
1111.49,frontiers,avail=0 black=0
1111.49,explore_status,exploration_complete
1111.98,frontiers,avail=0 black=0
1111.98,explore_status,exploration_complete
1112.48,frontiers,avail=0 black=0
1112.48,explore_status,exploration_complete
1112.98,frontiers,avail=0 black=0
1112.98,explore_status,exploration_complete
1113.48,frontiers,avail=0 black=0
1113.48,explore_status,exploration_complete
1113.98,frontiers,avail=0 black=0
1113.98,explore_status,exploration_complete
1114.48,frontiers,avail=0 black=0
1114.48,explore_status,exploration_complete
1114.98,frontiers,avail=0 black=0
1114.98,explore_status,exploration_complete
1115.49,frontiers,avail=0 black=0
1115.49,explore_status,exploration_complete
1115.99,frontiers,avail=0 black=0
1115.99,explore_status,exploration_complete
1116.49,frontiers,avail=0 black=0
1116.49,explore_status,exploration_complete
1116.99,frontiers,avail=0 black=0
1116.99,explore_status,exploration_complete
1117.49,frontiers,avail=0 black=0
1117.49,explore_status,exploration_complete
1117.99,frontiers,avail=0 black=0
1117.99,explore_status,exploration_complete
1118.49,frontiers,avail=0 black=0
1118.49,explore_status,exploration_complete
1118.99,frontiers,avail=0 black=0
1118.99,explore_status,exploration_complete
1119.49,frontiers,avail=0 black=0
1119.49,explore_status,exploration_complete
1119.99,frontiers,avail=0 black=0
1119.99,explore_status,exploration_complete
1120.49,frontiers,avail=0 black=0
1120.49,explore_status,exploration_complete
1120.99,frontiers,avail=0 black=0
1120.99,explore_status,exploration_complete
1121.49,frontiers,avail=0 black=0
1121.49,explore_status,exploration_complete
1121.99,frontiers,avail=0 black=0
1121.99,explore_status,exploration_complete
1122.49,frontiers,avail=0 black=0
1122.49,explore_status,exploration_complete
1122.99,frontiers,avail=0 black=0
1122.99,explore_status,exploration_complete
1123.49,frontiers,avail=0 black=0
1123.49,explore_status,exploration_complete
1123.99,frontiers,avail=0 black=0
1123.99,explore_status,exploration_complete
1124.49,frontiers,avail=0 black=0
1124.49,explore_status,exploration_complete
1124.99,frontiers,avail=0 black=0
1124.99,explore_status,exploration_complete
1125.49,frontiers,avail=0 black=0
1125.49,explore_status,exploration_complete
1125.99,frontiers,avail=0 black=0
1125.99,explore_status,exploration_complete
1126.49,frontiers,avail=0 black=0
1126.49,explore_status,exploration_complete
1126.98,frontiers,avail=0 black=0
1126.99,explore_status,exploration_complete
1127.49,frontiers,avail=0 black=0
1127.49,explore_status,exploration_complete
1127.99,frontiers,avail=0 black=0
1127.99,explore_status,exploration_complete
1128.49,frontiers,avail=0 black=0
1128.49,explore_status,exploration_complete
1128.99,frontiers,avail=0 black=0
1128.99,explore_status,exploration_complete
1129.49,frontiers,avail=0 black=0
1129.49,explore_status,exploration_complete
1129.99,frontiers,avail=0 black=0
1129.99,explore_status,exploration_complete
1130.49,frontiers,avail=0 black=0
1130.49,explore_status,exploration_complete
1130.99,frontiers,avail=0 black=0
1130.99,explore_status,exploration_complete
1131.49,frontiers,avail=0 black=0
1131.49,explore_status,exploration_complete
1131.98,frontiers,avail=0 black=0
1131.99,explore_status,exploration_complete
1132.49,frontiers,avail=0 black=0
1132.49,explore_status,exploration_complete
1132.99,frontiers,avail=0 black=0
1132.99,explore_status,exploration_complete
1133.49,frontiers,avail=0 black=0
1133.49,explore_status,exploration_complete
1133.99,frontiers,avail=0 black=0
1133.99,explore_status,exploration_complete
1134.49,frontiers,avail=0 black=0
1134.49,explore_status,exploration_complete
1134.99,frontiers,avail=0 black=0
1134.99,explore_status,exploration_complete
1135.49,frontiers,avail=0 black=0
1135.49,explore_status,exploration_complete
1135.99,frontiers,avail=0 black=0
1135.99,explore_status,exploration_complete
1136.49,frontiers,avail=0 black=0
1136.49,explore_status,exploration_complete
1136.99,frontiers,avail=0 black=0
1136.99,explore_status,exploration_complete
1137.49,frontiers,avail=0 black=0
1137.49,explore_status,exploration_complete
1137.99,frontiers,avail=0 black=0
1137.99,explore_status,exploration_complete
1138.49,frontiers,avail=0 black=0
1138.49,explore_status,exploration_complete
1138.99,frontiers,avail=0 black=0
1138.99,explore_status,exploration_complete
1139.49,frontiers,avail=0 black=0
1139.49,explore_status,exploration_complete
1139.99,frontiers,avail=0 black=0
1139.99,explore_status,exploration_complete
1140.49,frontiers,avail=0 black=0
1140.49,explore_status,exploration_complete
1140.99,frontiers,avail=0 black=0
1140.99,explore_status,exploration_complete
1141.49,frontiers,avail=0 black=0
1141.49,explore_status,exploration_complete
1141.99,frontiers,avail=0 black=0
1141.99,explore_status,exploration_complete
1142.49,frontiers,avail=0 black=0
1142.49,explore_status,exploration_complete
1142.99,frontiers,avail=0 black=0
1142.99,explore_status,exploration_complete
1143.49,frontiers,avail=0 black=0
1143.49,explore_status,exploration_complete
1143.99,frontiers,avail=0 black=0
1143.99,explore_status,exploration_complete
1144.49,frontiers,avail=0 black=0
1144.49,explore_status,exploration_complete
1144.99,frontiers,avail=0 black=0
1144.99,explore_status,exploration_complete
1145.49,frontiers,avail=0 black=0
1145.49,explore_status,exploration_complete
1145.99,frontiers,avail=0 black=0
1145.99,explore_status,exploration_complete
1146.49,frontiers,avail=0 black=0
1146.49,explore_status,exploration_complete
1146.99,frontiers,avail=0 black=0
1146.99,explore_status,exploration_complete
1147.49,frontiers,avail=0 black=0
1147.49,explore_status,exploration_complete
1147.99,frontiers,avail=0 black=0
1147.99,explore_status,exploration_complete
1148.49,frontiers,avail=0 black=0
1148.49,explore_status,exploration_complete
1148.99,frontiers,avail=0 black=0
1148.99,explore_status,exploration_complete
1149.49,frontiers,avail=0 black=0
1149.49,explore_status,exploration_complete
1149.99,frontiers,avail=0 black=0
1149.99,explore_status,exploration_complete
1150.49,frontiers,avail=0 black=0
1150.49,explore_status,exploration_complete
1150.99,frontiers,avail=0 black=0
1150.99,explore_status,exploration_complete
1151.49,frontiers,avail=0 black=0
1151.49,explore_status,exploration_complete
1151.99,frontiers,avail=0 black=0
1151.99,explore_status,exploration_complete
1152.49,frontiers,avail=0 black=0
1152.49,explore_status,exploration_complete
1152.99,frontiers,avail=0 black=0
1152.99,explore_status,exploration_complete
1153.49,frontiers,avail=0 black=0
1153.49,explore_status,exploration_complete
1153.99,frontiers,avail=0 black=0
1153.99,explore_status,exploration_complete
1154.49,frontiers,avail=0 black=0
1154.49,explore_status,exploration_complete
1154.99,frontiers,avail=0 black=0
1154.99,explore_status,exploration_complete
1155.49,frontiers,avail=0 black=0
1155.49,explore_status,exploration_complete
1155.99,frontiers,avail=0 black=0
1155.99,explore_status,exploration_complete
1156.49,frontiers,avail=0 black=0
1156.49,explore_status,exploration_complete
1156.99,frontiers,avail=0 black=0
1156.99,explore_status,exploration_complete
1157.49,frontiers,avail=0 black=0
1157.49,explore_status,exploration_complete
1157.99,frontiers,avail=0 black=0
1157.99,explore_status,exploration_complete
1158.49,frontiers,avail=0 black=0
1158.49,explore_status,exploration_complete
1158.99,frontiers,avail=0 black=0
1158.99,explore_status,exploration_complete
1159.49,frontiers,avail=0 black=0
1159.49,explore_status,exploration_complete
1159.99,frontiers,avail=0 black=0
1159.99,explore_status,exploration_complete
1160.49,frontiers,avail=0 black=0
1160.49,explore_status,exploration_complete
1160.99,frontiers,avail=0 black=0
1160.99,explore_status,exploration_complete
1161.49,frontiers,avail=0 black=0
1161.49,explore_status,exploration_complete
1161.99,frontiers,avail=0 black=0
1161.99,explore_status,exploration_complete
1162.49,frontiers,avail=0 black=0
1162.49,explore_status,exploration_complete
1162.99,frontiers,avail=0 black=0
1162.99,explore_status,exploration_complete
1163.49,frontiers,avail=0 black=0
1163.49,explore_status,exploration_complete
1163.99,frontiers,avail=0 black=0
1163.99,explore_status,exploration_complete
1164.49,frontiers,avail=0 black=0
1164.49,explore_status,exploration_complete
1164.99,frontiers,avail=0 black=0
1164.99,explore_status,exploration_complete
1165.49,frontiers,avail=0 black=0
1165.49,explore_status,exploration_complete
1165.99,frontiers,avail=0 black=0
1165.99,explore_status,exploration_complete
1166.49,frontiers,avail=0 black=0
1166.49,explore_status,exploration_complete
1166.99,frontiers,avail=0 black=0
1166.99,explore_status,exploration_complete
1167.49,frontiers,avail=0 black=0
1167.49,explore_status,exploration_complete
1167.99,frontiers,avail=0 black=0
1167.99,explore_status,exploration_complete
1168.49,frontiers,avail=0 black=0
1168.49,explore_status,exploration_complete
1168.99,frontiers,avail=0 black=0
1168.99,explore_status,exploration_complete
1169.49,frontiers,avail=0 black=0
1169.49,explore_status,exploration_complete
1169.99,frontiers,avail=0 black=0
1169.99,explore_status,exploration_complete
1170.49,frontiers,avail=0 black=0
1170.49,explore_status,exploration_complete
1170.99,frontiers,avail=0 black=0
1170.99,explore_status,exploration_complete
1171.49,frontiers,avail=0 black=0
1171.49,explore_status,exploration_complete
1171.99,frontiers,avail=0 black=0
1171.99,explore_status,exploration_complete
1172.49,frontiers,avail=0 black=0
1172.49,explore_status,exploration_complete
1172.99,frontiers,avail=0 black=0
1172.99,explore_status,exploration_complete
1173.49,frontiers,avail=0 black=0
1173.49,explore_status,exploration_complete
1173.99,frontiers,avail=0 black=0
1173.99,explore_status,exploration_complete
1174.49,frontiers,avail=0 black=0
1174.49,explore_status,exploration_complete
1174.99,frontiers,avail=0 black=0
1174.99,explore_status,exploration_complete
1175.49,frontiers,avail=0 black=0
1175.49,explore_status,exploration_complete
1175.99,frontiers,avail=0 black=0
1175.99,explore_status,exploration_complete
1176.49,frontiers,avail=0 black=0
1176.49,explore_status,exploration_complete
1176.99,frontiers,avail=0 black=0
1176.99,explore_status,exploration_complete
1177.49,frontiers,avail=0 black=0
1177.49,explore_status,exploration_complete
1177.99,frontiers,avail=0 black=0
1177.99,explore_status,exploration_complete
1178.49,frontiers,avail=0 black=0
1178.49,explore_status,exploration_complete
1178.99,frontiers,avail=0 black=0
1178.99,explore_status,exploration_complete
1179.49,frontiers,avail=0 black=0
1179.49,explore_status,exploration_complete
1179.99,frontiers,avail=0 black=0
1179.99,explore_status,exploration_complete
1180.49,frontiers,avail=0 black=0
1180.49,explore_status,exploration_complete
1180.99,frontiers,avail=0 black=0
1180.99,explore_status,exploration_complete
1181.49,frontiers,avail=0 black=0
1181.49,explore_status,exploration_complete
1181.99,frontiers,avail=0 black=0
1181.99,explore_status,exploration_complete
1182.49,frontiers,avail=0 black=0
1182.49,explore_status,exploration_complete
1182.99,frontiers,avail=0 black=0
1182.99,explore_status,exploration_complete
1183.49,frontiers,avail=0 black=0
1183.49,explore_status,exploration_complete
1183.99,frontiers,avail=0 black=0
1183.99,explore_status,exploration_complete
1184.49,frontiers,avail=0 black=0
1184.49,explore_status,exploration_complete
1184.99,frontiers,avail=0 black=0
1184.99,explore_status,exploration_complete
1185.49,frontiers,avail=0 black=0
1185.49,explore_status,exploration_complete
1185.99,frontiers,avail=0 black=0
1185.99,explore_status,exploration_complete
1186.49,frontiers,avail=0 black=0
1186.49,explore_status,exploration_complete
1186.99,frontiers,avail=0 black=0
1186.99,explore_status,exploration_complete
1187.49,frontiers,avail=0 black=0
1187.49,explore_status,exploration_complete
1187.99,frontiers,avail=0 black=0
1187.99,explore_status,exploration_complete
1188.49,frontiers,avail=0 black=0
1188.49,explore_status,exploration_complete
1188.99,frontiers,avail=0 black=0
1188.99,explore_status,exploration_complete
1189.49,frontiers,avail=0 black=0
1189.49,explore_status,exploration_complete
1189.99,frontiers,avail=0 black=0
1189.99,explore_status,exploration_complete
1190.49,frontiers,avail=0 black=0
1190.49,explore_status,exploration_complete
1190.99,frontiers,avail=0 black=0
1190.99,explore_status,exploration_complete
1191.49,frontiers,avail=0 black=0
1191.49,explore_status,exploration_complete
1191.99,frontiers,avail=0 black=0
1191.99,explore_status,exploration_complete
1192.49,frontiers,avail=0 black=0
1192.49,explore_status,exploration_complete
1192.99,frontiers,avail=0 black=0
1192.99,explore_status,exploration_complete
1193.49,frontiers,avail=0 black=0
1193.49,explore_status,exploration_complete
1193.99,frontiers,avail=0 black=0
1193.99,explore_status,exploration_complete
1194.49,frontiers,avail=0 black=0
1194.49,explore_status,exploration_complete
1194.99,frontiers,avail=0 black=0
1194.99,explore_status,exploration_complete
1195.49,frontiers,avail=0 black=0
1195.49,explore_status,exploration_complete
1195.99,frontiers,avail=0 black=0
1195.99,explore_status,exploration_complete
1196.49,frontiers,avail=0 black=0
1196.49,explore_status,exploration_complete
1196.99,frontiers,avail=0 black=0
1196.99,explore_status,exploration_complete
1197.49,frontiers,avail=0 black=0
1197.49,explore_status,exploration_complete
1197.99,frontiers,avail=0 black=0
1197.99,explore_status,exploration_complete
1198.49,frontiers,avail=0 black=0
1198.49,explore_status,exploration_complete
1198.99,frontiers,avail=0 black=0
1198.99,explore_status,exploration_complete
1199.49,frontiers,avail=0 black=0
1199.49,explore_status,exploration_complete
1199.99,frontiers,avail=0 black=0
1199.99,explore_status,exploration_complete
1200.49,frontiers,avail=0 black=0
1200.49,explore_status,exploration_complete
1200.99,frontiers,avail=0 black=0
1200.99,explore_status,exploration_complete
1201.49,frontiers,avail=0 black=0
1201.49,explore_status,exploration_complete
1201.99,frontiers,avail=0 black=0
1201.99,explore_status,exploration_complete
1202.49,frontiers,avail=0 black=0
1202.49,explore_status,exploration_complete
1202.99,frontiers,avail=0 black=0
1202.99,explore_status,exploration_complete
1203.49,frontiers,avail=0 black=0
1203.49,explore_status,exploration_complete
1203.99,frontiers,avail=0 black=0
1203.99,explore_status,exploration_complete
1204.49,frontiers,avail=0 black=0
1204.49,explore_status,exploration_complete
1204.99,frontiers,avail=0 black=0
1204.99,explore_status,exploration_complete
1205.49,frontiers,avail=0 black=0
1205.49,explore_status,exploration_complete
1205.99,frontiers,avail=0 black=0
1205.99,explore_status,exploration_complete
1206.49,frontiers,avail=0 black=0
1206.49,explore_status,exploration_complete
1206.99,frontiers,avail=0 black=0
1206.99,explore_status,exploration_complete
1207.49,frontiers,avail=0 black=0
1207.50,explore_status,exploration_complete
1207.99,frontiers,avail=0 black=0
1207.99,explore_status,exploration_complete
1208.49,frontiers,avail=0 black=0
1208.49,explore_status,exploration_complete
1208.99,frontiers,avail=0 black=0
1208.99,explore_status,exploration_complete
1209.49,frontiers,avail=0 black=0
1209.49,explore_status,exploration_complete
1209.99,frontiers,avail=0 black=0
1209.99,explore_status,exploration_complete
1210.49,frontiers,avail=0 black=0
1210.49,explore_status,exploration_complete
1210.99,frontiers,avail=0 black=0
1210.99,explore_status,exploration_complete
1211.49,frontiers,avail=0 black=0
1211.49,explore_status,exploration_complete
1211.99,frontiers,avail=0 black=0
1211.99,explore_status,exploration_complete
1212.49,frontiers,avail=0 black=0
1212.50,explore_status,exploration_complete
1212.99,frontiers,avail=0 black=0
1212.99,explore_status,exploration_complete
1213.49,frontiers,avail=0 black=0
1213.49,explore_status,exploration_complete
1213.99,frontiers,avail=0 black=0
1213.99,explore_status,exploration_complete
1214.49,frontiers,avail=0 black=0
1214.49,explore_status,exploration_complete
1214.99,frontiers,avail=0 black=0
1214.99,explore_status,exploration_complete
1215.49,frontiers,avail=0 black=0
1215.49,explore_status,exploration_complete
1215.99,frontiers,avail=0 black=0
1215.99,explore_status,exploration_complete
1216.49,frontiers,avail=0 black=0
1216.49,explore_status,exploration_complete
1216.99,frontiers,avail=0 black=0
1216.99,explore_status,exploration_complete
1217.49,frontiers,avail=0 black=0
1217.49,explore_status,exploration_complete
1217.99,frontiers,avail=0 black=0
1217.99,explore_status,exploration_complete
1218.49,frontiers,avail=0 black=0
1218.49,explore_status,exploration_complete
1218.99,frontiers,avail=0 black=0
1218.99,explore_status,exploration_complete
1219.49,frontiers,avail=0 black=0
1219.49,explore_status,exploration_complete
1219.99,frontiers,avail=0 black=0
1219.99,explore_status,exploration_complete
1220.49,frontiers,avail=0 black=0
1220.49,explore_status,exploration_complete
1220.99,frontiers,avail=0 black=0
1220.99,explore_status,exploration_complete
1221.49,frontiers,avail=0 black=0
1221.49,explore_status,exploration_complete
1222.00,frontiers,avail=0 black=0
1222.00,explore_status,exploration_complete
1222.49,frontiers,avail=0 black=0
1222.49,explore_status,exploration_complete
1222.99,frontiers,avail=0 black=0
1222.99,explore_status,exploration_complete
1223.49,frontiers,avail=0 black=0
1223.49,explore_status,exploration_complete
1223.99,frontiers,avail=0 black=0
1223.99,explore_status,exploration_complete
1224.49,frontiers,avail=0 black=0
1224.49,explore_status,exploration_complete
1225.00,frontiers,avail=0 black=0
1225.00,explore_status,exploration_complete
1225.49,frontiers,avail=0 black=0
1225.49,explore_status,exploration_complete
1225.99,frontiers,avail=0 black=0
1225.99,explore_status,exploration_complete
1226.49,frontiers,avail=0 black=0
1226.49,explore_status,exploration_complete
1226.99,frontiers,avail=0 black=0
1226.99,explore_status,exploration_complete
1227.49,frontiers,avail=0 black=0
1227.49,explore_status,exploration_complete
1227.99,frontiers,avail=0 black=0
1227.99,explore_status,exploration_complete
1228.49,frontiers,avail=0 black=0
1228.49,explore_status,exploration_complete
1228.99,frontiers,avail=0 black=0
1228.99,explore_status,exploration_complete
1229.49,frontiers,avail=0 black=0
1229.49,explore_status,exploration_complete
1229.99,frontiers,avail=0 black=0
1229.99,explore_status,exploration_complete
1230.49,frontiers,avail=0 black=0
1230.49,explore_status,exploration_complete
1230.99,frontiers,avail=0 black=0
1230.99,explore_status,exploration_complete
1231.49,frontiers,avail=0 black=0
1231.49,explore_status,exploration_complete
1231.99,frontiers,avail=0 black=0
1231.99,explore_status,exploration_complete
1232.49,frontiers,avail=0 black=0
1232.49,explore_status,exploration_complete
1232.99,frontiers,avail=0 black=0
1232.99,explore_status,exploration_complete
1233.49,frontiers,avail=0 black=0
1233.49,explore_status,exploration_complete
1233.99,frontiers,avail=0 black=0
1233.99,explore_status,exploration_complete
1234.49,frontiers,avail=0 black=0
1234.49,explore_status,exploration_complete
1234.99,frontiers,avail=0 black=0
1234.99,explore_status,exploration_complete
1235.49,frontiers,avail=0 black=0
1235.49,explore_status,exploration_complete
1235.99,frontiers,avail=0 black=0
1235.99,explore_status,exploration_complete
1236.49,frontiers,avail=0 black=0
1236.50,explore_status,exploration_complete
1236.99,frontiers,avail=0 black=0
1236.99,explore_status,exploration_complete
1237.49,frontiers,avail=0 black=0
1237.49,explore_status,exploration_complete
1238.00,frontiers,avail=0 black=0
1238.00,explore_status,exploration_complete
1238.50,frontiers,avail=0 black=0
1238.50,explore_status,exploration_complete
1239.00,frontiers,avail=0 black=0
1239.00,explore_status,exploration_complete
1239.50,frontiers,avail=0 black=0
1239.50,explore_status,exploration_complete
1240.00,frontiers,avail=0 black=0
1240.00,explore_status,exploration_complete
1240.50,frontiers,avail=0 black=0
1240.50,explore_status,exploration_complete
1241.00,frontiers,avail=0 black=0
1241.00,explore_status,exploration_complete
1241.50,frontiers,avail=0 black=0
1241.50,explore_status,exploration_complete
1242.00,frontiers,avail=0 black=0
1242.00,explore_status,exploration_complete
1242.50,frontiers,avail=0 black=0
1242.50,explore_status,exploration_complete
1243.00,frontiers,avail=0 black=0
1243.00,explore_status,exploration_complete
1243.50,frontiers,avail=0 black=0
1243.50,explore_status,exploration_complete
1244.00,frontiers,avail=0 black=0
1244.00,explore_status,exploration_complete
1244.50,frontiers,avail=0 black=0
1244.50,explore_status,exploration_complete
1245.00,frontiers,avail=0 black=0
1245.00,explore_status,exploration_complete
1245.50,frontiers,avail=0 black=0
1245.50,explore_status,exploration_complete
1246.00,frontiers,avail=0 black=0
1246.00,explore_status,exploration_complete
1246.50,frontiers,avail=0 black=0
1246.50,explore_status,exploration_complete
1247.00,frontiers,avail=0 black=0
1247.00,explore_status,exploration_complete
1247.50,frontiers,avail=0 black=0
1247.50,explore_status,exploration_complete
1248.00,frontiers,avail=0 black=0
1248.00,explore_status,exploration_complete
1248.50,frontiers,avail=0 black=0
1248.50,explore_status,exploration_complete
1249.00,frontiers,avail=0 black=0
1249.00,explore_status,exploration_complete
1249.50,frontiers,avail=0 black=0
1249.50,explore_status,exploration_complete
1250.00,frontiers,avail=0 black=0
1250.00,explore_status,exploration_complete
1250.50,frontiers,avail=0 black=0
1250.50,explore_status,exploration_complete
1251.00,frontiers,avail=0 black=0
1251.00,explore_status,exploration_complete
1251.50,frontiers,avail=0 black=0
1251.50,explore_status,exploration_complete
1252.00,frontiers,avail=0 black=0
1252.00,explore_status,exploration_complete
1252.50,frontiers,avail=0 black=0
1252.50,explore_status,exploration_complete
1253.00,frontiers,avail=0 black=0
1253.00,explore_status,exploration_complete
1253.50,frontiers,avail=0 black=0
1253.50,explore_status,exploration_complete
1254.00,frontiers,avail=0 black=0
1254.00,explore_status,exploration_complete
1254.50,frontiers,avail=0 black=0
1254.50,explore_status,exploration_complete
1255.00,frontiers,avail=0 black=0
1255.00,explore_status,exploration_complete
1255.50,frontiers,avail=0 black=0
1255.50,explore_status,exploration_complete
1256.00,frontiers,avail=0 black=0
1256.00,explore_status,exploration_complete
1256.50,frontiers,avail=0 black=0
1256.50,explore_status,exploration_complete
1257.00,frontiers,avail=0 black=0
1257.00,explore_status,exploration_complete
1257.50,frontiers,avail=0 black=0
1257.50,explore_status,exploration_complete
1258.00,frontiers,avail=0 black=0
1258.00,explore_status,exploration_complete
1258.50,frontiers,avail=0 black=0
1258.50,explore_status,exploration_complete
1259.00,frontiers,avail=0 black=0
1259.00,explore_status,exploration_complete
1259.50,frontiers,avail=0 black=0
1259.50,explore_status,exploration_complete
1260.00,frontiers,avail=0 black=0
1260.01,explore_status,exploration_complete
1260.51,frontiers,avail=0 black=0
1260.51,explore_status,exploration_complete
1261.01,frontiers,avail=0 black=0
1261.01,explore_status,exploration_complete
1261.51,frontiers,avail=0 black=0
1261.51,explore_status,exploration_complete
1262.00,frontiers,avail=0 black=0
1262.01,explore_status,exploration_complete
1262.51,frontiers,avail=0 black=0
1262.51,explore_status,exploration_complete
1263.01,frontiers,avail=0 black=0
1263.01,explore_status,exploration_complete
1263.51,frontiers,avail=0 black=0
1263.51,explore_status,exploration_complete
1264.01,frontiers,avail=0 black=0
1264.01,explore_status,exploration_complete
1264.51,frontiers,avail=0 black=0
1264.51,explore_status,exploration_complete
1265.01,frontiers,avail=0 black=0
1265.01,explore_status,exploration_complete
1265.51,frontiers,avail=0 black=0
1265.51,explore_status,exploration_complete
1266.01,frontiers,avail=0 black=0
1266.01,explore_status,exploration_complete
1266.51,frontiers,avail=0 black=0
1266.51,explore_status,exploration_complete
1267.01,frontiers,avail=0 black=0
1267.01,explore_status,exploration_complete
1267.51,frontiers,avail=0 black=0
1267.51,explore_status,exploration_complete
1268.01,frontiers,avail=0 black=0
1268.01,explore_status,exploration_complete
1268.51,frontiers,avail=0 black=0
1268.51,explore_status,exploration_complete
1269.01,frontiers,avail=0 black=0
1269.01,explore_status,exploration_complete
1269.51,frontiers,avail=0 black=0
1269.51,explore_status,exploration_complete
1270.01,frontiers,avail=0 black=0
1270.01,explore_status,exploration_complete
1270.51,frontiers,avail=0 black=0
1270.51,explore_status,exploration_complete
1271.01,frontiers,avail=0 black=0
1271.01,explore_status,exploration_complete
1271.51,frontiers,avail=0 black=0
1271.51,explore_status,exploration_complete
1272.01,frontiers,avail=0 black=0
1272.01,explore_status,exploration_complete
1272.51,frontiers,avail=0 black=0
1272.51,explore_status,exploration_complete
1273.01,frontiers,avail=0 black=0
1273.01,explore_status,exploration_complete
1273.51,frontiers,avail=0 black=0
1273.51,explore_status,exploration_complete
1274.01,frontiers,avail=0 black=0
1274.01,explore_status,exploration_complete
1274.51,frontiers,avail=0 black=0
1274.51,explore_status,exploration_complete
1275.01,frontiers,avail=0 black=0
1275.01,explore_status,exploration_complete
1275.51,frontiers,avail=0 black=0
1275.51,explore_status,exploration_complete
1276.01,frontiers,avail=0 black=0
1276.01,explore_status,exploration_complete
1276.51,frontiers,avail=0 black=0
1276.51,explore_status,exploration_complete
1277.01,frontiers,avail=0 black=0
1277.01,explore_status,exploration_complete
1277.51,frontiers,avail=0 black=0
1277.51,explore_status,exploration_complete
1278.01,frontiers,avail=0 black=0
1278.01,explore_status,exploration_complete
1278.51,frontiers,avail=0 black=0
1278.51,explore_status,exploration_complete
1279.01,frontiers,avail=0 black=0
1279.01,explore_status,exploration_complete
1279.51,frontiers,avail=0 black=0
1279.51,explore_status,exploration_complete
1280.01,frontiers,avail=0 black=0
1280.01,explore_status,exploration_complete
1280.51,frontiers,avail=0 black=0
1280.51,explore_status,exploration_complete
1281.01,frontiers,avail=0 black=0
1281.01,explore_status,exploration_complete
1281.51,frontiers,avail=0 black=0
1281.51,explore_status,exploration_complete
1282.01,frontiers,avail=0 black=0
1282.01,explore_status,exploration_complete
1282.51,frontiers,avail=0 black=0
1282.51,explore_status,exploration_complete
1283.01,frontiers,avail=0 black=0
1283.01,explore_status,exploration_complete
1283.51,frontiers,avail=0 black=0
1283.51,explore_status,exploration_complete
1284.01,frontiers,avail=0 black=0
1284.01,explore_status,exploration_complete
1284.51,frontiers,avail=0 black=0
1284.51,explore_status,exploration_complete
1285.01,frontiers,avail=0 black=0
1285.01,explore_status,exploration_complete
1285.51,frontiers,avail=0 black=0
1285.51,explore_status,exploration_complete
1286.01,frontiers,avail=0 black=0
1286.01,explore_status,exploration_complete
1286.51,frontiers,avail=0 black=0
1286.51,explore_status,exploration_complete
1287.01,frontiers,avail=0 black=0
1287.01,explore_status,exploration_complete
1287.51,frontiers,avail=0 black=0
1287.51,explore_status,exploration_complete
1288.01,frontiers,avail=0 black=0
1288.01,explore_status,exploration_complete
1288.51,frontiers,avail=0 black=0
1288.51,explore_status,exploration_complete
1289.01,frontiers,avail=0 black=0
1289.01,explore_status,exploration_complete
1289.51,frontiers,avail=0 black=0
1289.51,explore_status,exploration_complete
1290.01,frontiers,avail=0 black=0
1290.01,explore_status,exploration_complete
1290.51,frontiers,avail=0 black=0
1290.51,explore_status,exploration_complete
1291.01,frontiers,avail=0 black=0
1291.01,explore_status,exploration_complete
1291.51,frontiers,avail=0 black=0
1291.51,explore_status,exploration_complete
1292.01,frontiers,avail=0 black=0
1292.01,explore_status,exploration_complete
1292.51,frontiers,avail=0 black=0
1292.51,explore_status,exploration_complete
1293.01,frontiers,avail=0 black=0
1293.01,explore_status,exploration_complete
1293.51,frontiers,avail=0 black=0
1293.51,explore_status,exploration_complete
1294.01,frontiers,avail=0 black=0
1294.01,explore_status,exploration_complete
1294.51,frontiers,avail=0 black=0
1294.51,explore_status,exploration_complete
1295.01,frontiers,avail=0 black=0
1295.01,explore_status,exploration_complete
1295.51,frontiers,avail=0 black=0
1295.51,explore_status,exploration_complete
1296.01,frontiers,avail=0 black=0
1296.01,explore_status,exploration_complete
1296.51,frontiers,avail=0 black=0
1296.51,explore_status,exploration_complete
1297.01,frontiers,avail=0 black=0
1297.01,explore_status,exploration_complete
1297.51,frontiers,avail=0 black=0
1297.51,explore_status,exploration_complete
1298.01,frontiers,avail=0 black=0
1298.01,explore_status,exploration_complete
1298.51,frontiers,avail=0 black=0
1298.51,explore_status,exploration_complete
1299.01,frontiers,avail=0 black=0
1299.01,explore_status,exploration_complete
1299.51,frontiers,avail=0 black=0
1299.51,explore_status,exploration_complete
1300.01,frontiers,avail=0 black=0
1300.01,explore_status,exploration_complete
1300.51,frontiers,avail=0 black=0
1300.51,explore_status,exploration_complete
1301.01,frontiers,avail=0 black=0
1301.01,explore_status,exploration_complete
1301.51,frontiers,avail=0 black=0
1301.51,explore_status,exploration_complete
1302.01,frontiers,avail=0 black=0
1302.01,explore_status,exploration_complete
1302.51,frontiers,avail=0 black=0
1302.51,explore_status,exploration_complete
1303.01,frontiers,avail=0 black=0
1303.01,explore_status,exploration_complete
1303.51,frontiers,avail=0 black=0
1303.51,explore_status,exploration_complete
1304.01,frontiers,avail=0 black=0
1304.01,explore_status,exploration_complete
1304.51,frontiers,avail=0 black=0
1304.51,explore_status,exploration_complete
1305.01,frontiers,avail=0 black=0
1305.01,explore_status,exploration_complete
1305.51,frontiers,avail=0 black=0
1305.51,explore_status,exploration_complete
1306.01,frontiers,avail=0 black=0
1306.01,explore_status,exploration_complete
1306.51,frontiers,avail=0 black=0
1306.51,explore_status,exploration_complete
1307.01,frontiers,avail=0 black=0
1307.01,explore_status,exploration_complete
1307.51,frontiers,avail=0 black=0
1307.51,explore_status,exploration_complete
1308.01,frontiers,avail=0 black=0
1308.01,explore_status,exploration_complete
1308.51,frontiers,avail=0 black=0
1308.51,explore_status,exploration_complete
1309.01,frontiers,avail=0 black=0
1309.01,explore_status,exploration_complete
1309.51,frontiers,avail=0 black=0
1309.51,explore_status,exploration_complete
1310.01,frontiers,avail=0 black=0
1310.01,explore_status,exploration_complete
1310.51,frontiers,avail=0 black=0
1310.51,explore_status,exploration_complete
1311.01,frontiers,avail=0 black=0
1311.01,explore_status,exploration_complete
1311.51,frontiers,avail=0 black=0
1311.51,explore_status,exploration_complete
1312.01,frontiers,avail=0 black=0
1312.01,explore_status,exploration_complete
1312.51,frontiers,avail=0 black=0
1312.51,explore_status,exploration_complete
1313.01,frontiers,avail=0 black=0
1313.01,explore_status,exploration_complete
1313.51,frontiers,avail=0 black=0
1313.51,explore_status,exploration_complete
1314.01,frontiers,avail=0 black=0
1314.01,explore_status,exploration_complete
1314.51,frontiers,avail=0 black=0
1314.51,explore_status,exploration_complete
1315.01,frontiers,avail=0 black=0
1315.01,explore_status,exploration_complete
1315.51,frontiers,avail=0 black=0
1315.51,explore_status,exploration_complete
1316.01,frontiers,avail=0 black=0
1316.01,explore_status,exploration_complete
1316.51,frontiers,avail=0 black=0
1316.51,explore_status,exploration_complete
1317.01,frontiers,avail=0 black=0
1317.01,explore_status,exploration_complete
1317.51,frontiers,avail=0 black=0
1317.51,explore_status,exploration_complete
1318.01,frontiers,avail=0 black=0
1318.01,explore_status,exploration_complete
1318.51,frontiers,avail=0 black=0
1318.51,explore_status,exploration_complete
1319.01,frontiers,avail=0 black=0
1319.01,explore_status,exploration_complete
1319.51,frontiers,avail=0 black=0
1319.51,explore_status,exploration_complete
1320.01,frontiers,avail=0 black=0
1320.01,explore_status,exploration_complete
1320.51,frontiers,avail=0 black=0
1320.51,explore_status,exploration_complete
1321.01,frontiers,avail=0 black=0
1321.01,explore_status,exploration_complete
1321.51,frontiers,avail=0 black=0
1321.51,explore_status,exploration_complete
1322.01,frontiers,avail=0 black=0
1322.01,explore_status,exploration_complete
1322.51,frontiers,avail=0 black=0
1322.51,explore_status,exploration_complete
1323.01,frontiers,avail=0 black=0
1323.01,explore_status,exploration_complete
1323.51,frontiers,avail=0 black=0
1323.51,explore_status,exploration_complete
1324.01,frontiers,avail=0 black=0
1324.01,explore_status,exploration_complete
1324.51,frontiers,avail=0 black=0
1324.51,explore_status,exploration_complete
1325.01,frontiers,avail=0 black=0
1325.01,explore_status,exploration_complete
1325.51,frontiers,avail=0 black=0
1325.51,explore_status,exploration_complete
1326.01,frontiers,avail=0 black=0
1326.01,explore_status,exploration_complete
1326.51,frontiers,avail=0 black=0
1326.51,explore_status,exploration_complete
1327.01,frontiers,avail=0 black=0
1327.01,explore_status,exploration_complete
1327.51,frontiers,avail=0 black=0
1327.51,explore_status,exploration_complete
1328.01,frontiers,avail=0 black=0
1328.01,explore_status,exploration_complete
1328.51,frontiers,avail=0 black=0
1328.51,explore_status,exploration_complete
1329.01,frontiers,avail=0 black=0
1329.01,explore_status,exploration_complete
1329.51,frontiers,avail=0 black=0
1329.51,explore_status,exploration_complete
1330.01,frontiers,avail=0 black=0
1330.01,explore_status,exploration_complete
1330.51,frontiers,avail=0 black=0
1330.51,explore_status,exploration_complete
1331.01,frontiers,avail=0 black=0
1331.01,explore_status,exploration_complete
1331.51,frontiers,avail=0 black=0
1331.51,explore_status,exploration_complete
1332.01,frontiers,avail=0 black=0
1332.01,explore_status,exploration_complete
1332.51,frontiers,avail=0 black=0
1332.51,explore_status,exploration_complete
1333.01,frontiers,avail=0 black=0
1333.01,explore_status,exploration_complete
1333.51,frontiers,avail=0 black=0
1333.51,explore_status,exploration_complete
1334.01,frontiers,avail=0 black=0
1334.01,explore_status,exploration_complete
1334.51,frontiers,avail=0 black=0
1334.51,explore_status,exploration_complete
1335.01,frontiers,avail=0 black=0
1335.01,explore_status,exploration_complete
1335.51,frontiers,avail=0 black=0
1335.51,explore_status,exploration_complete
1336.01,frontiers,avail=0 black=0
1336.01,explore_status,exploration_complete
1336.51,frontiers,avail=0 black=0
1336.51,explore_status,exploration_complete
1337.01,frontiers,avail=0 black=0
1337.01,explore_status,exploration_complete
1337.51,frontiers,avail=0 black=0
1337.51,explore_status,exploration_complete
1338.01,frontiers,avail=0 black=0
1338.01,explore_status,exploration_complete
1338.51,frontiers,avail=0 black=0
1338.51,explore_status,exploration_complete
1339.01,frontiers,avail=0 black=0
1339.01,explore_status,exploration_complete
1339.51,frontiers,avail=0 black=0
1339.51,explore_status,exploration_complete
1340.01,frontiers,avail=0 black=0
1340.01,explore_status,exploration_complete
1340.51,frontiers,avail=0 black=0
1340.51,explore_status,exploration_complete
1341.01,frontiers,avail=0 black=0
1341.01,explore_status,exploration_complete
1341.51,frontiers,avail=0 black=0
1341.51,explore_status,exploration_complete
1342.01,frontiers,avail=0 black=0
1342.01,explore_status,exploration_complete
1342.51,frontiers,avail=0 black=0
1342.51,explore_status,exploration_complete
1343.01,frontiers,avail=0 black=0
1343.01,explore_status,exploration_complete
1343.51,frontiers,avail=0 black=0
1343.51,explore_status,exploration_complete
1344.01,frontiers,avail=0 black=0
1344.01,explore_status,exploration_complete
1344.51,frontiers,avail=0 black=0
1344.51,explore_status,exploration_complete
1345.01,frontiers,avail=0 black=0
1345.01,explore_status,exploration_complete
1345.51,frontiers,avail=0 black=0
1345.51,explore_status,exploration_complete
1346.01,frontiers,avail=0 black=0
1346.01,explore_status,exploration_complete
1346.51,frontiers,avail=0 black=0
1346.51,explore_status,exploration_complete
1347.01,frontiers,avail=0 black=0
1347.01,explore_status,exploration_complete
1347.51,frontiers,avail=0 black=0
1347.51,explore_status,exploration_complete
1348.01,frontiers,avail=0 black=0
1348.01,explore_status,exploration_complete
1348.51,frontiers,avail=0 black=0
1348.51,explore_status,exploration_complete
1349.01,frontiers,avail=0 black=0
1349.01,explore_status,exploration_complete
1349.51,frontiers,avail=0 black=0
1349.51,explore_status,exploration_complete
1350.01,frontiers,avail=0 black=0
1350.01,explore_status,exploration_complete
1350.51,frontiers,avail=0 black=0
1350.51,explore_status,exploration_complete
1351.01,frontiers,avail=0 black=0
1351.01,explore_status,exploration_complete
1351.51,frontiers,avail=0 black=0
1351.51,explore_status,exploration_complete
1352.01,frontiers,avail=0 black=0
1352.01,explore_status,exploration_complete
1352.51,frontiers,avail=0 black=0
1352.51,explore_status,exploration_complete
1353.01,frontiers,avail=0 black=0
1353.01,explore_status,exploration_complete
1353.51,frontiers,avail=0 black=0
1353.51,explore_status,exploration_complete
1354.01,frontiers,avail=0 black=0
1354.01,explore_status,exploration_complete
1354.51,frontiers,avail=0 black=0
1354.51,explore_status,exploration_complete
1355.01,frontiers,avail=0 black=0
1355.01,explore_status,exploration_complete
1355.51,frontiers,avail=0 black=0
1355.51,explore_status,exploration_complete
1356.01,frontiers,avail=0 black=0
1356.01,explore_status,exploration_complete
1356.51,frontiers,avail=0 black=0
1356.51,explore_status,exploration_complete
1357.01,frontiers,avail=0 black=0
1357.01,explore_status,exploration_complete
1357.51,frontiers,avail=0 black=0
1357.51,explore_status,exploration_complete
1358.01,frontiers,avail=0 black=0
1358.01,explore_status,exploration_complete
1358.51,frontiers,avail=0 black=0
1358.51,explore_status,exploration_complete
1359.01,frontiers,avail=0 black=0
1359.01,explore_status,exploration_complete
1359.51,frontiers,avail=0 black=0
1359.51,explore_status,exploration_complete
1360.01,frontiers,avail=0 black=0
1360.01,explore_status,exploration_complete
1360.51,frontiers,avail=0 black=0
1360.51,explore_status,exploration_complete
1361.01,frontiers,avail=0 black=0
1361.01,explore_status,exploration_complete
1361.51,frontiers,avail=0 black=0
1361.51,explore_status,exploration_complete
1362.01,frontiers,avail=0 black=0
1362.01,explore_status,exploration_complete
1362.51,frontiers,avail=0 black=0
1362.51,explore_status,exploration_complete
1363.01,frontiers,avail=0 black=0
1363.01,explore_status,exploration_complete
1363.51,frontiers,avail=0 black=0
1363.51,explore_status,exploration_complete
1364.01,frontiers,avail=0 black=0
1364.01,explore_status,exploration_complete
1364.51,frontiers,avail=0 black=0
1364.51,explore_status,exploration_complete
1365.01,frontiers,avail=0 black=0
1365.01,explore_status,exploration_complete
1365.51,frontiers,avail=0 black=0
1365.51,explore_status,exploration_complete
1366.01,frontiers,avail=0 black=0
1366.01,explore_status,exploration_complete
1366.51,frontiers,avail=0 black=0
1366.51,explore_status,exploration_complete
1367.01,frontiers,avail=0 black=0
1367.01,explore_status,exploration_complete
1367.51,frontiers,avail=0 black=0
1367.51,explore_status,exploration_complete
1368.01,frontiers,avail=0 black=0
1368.01,explore_status,exploration_complete
1368.51,frontiers,avail=0 black=0
1368.51,explore_status,exploration_complete
1369.01,frontiers,avail=0 black=0
1369.01,explore_status,exploration_complete
1369.51,frontiers,avail=0 black=0
1369.51,explore_status,exploration_complete
1370.01,frontiers,avail=0 black=0
1370.01,explore_status,exploration_complete
1370.51,frontiers,avail=0 black=0
1370.51,explore_status,exploration_complete
1371.01,frontiers,avail=0 black=0
1371.01,explore_status,exploration_complete
1371.51,frontiers,avail=0 black=0
1371.51,explore_status,exploration_complete
1372.01,frontiers,avail=0 black=0
1372.01,explore_status,exploration_complete
1372.51,frontiers,avail=0 black=0
1372.51,explore_status,exploration_complete
1373.01,frontiers,avail=0 black=0
1373.01,explore_status,exploration_complete
1373.51,frontiers,avail=0 black=0
1373.51,explore_status,exploration_complete
1374.01,frontiers,avail=0 black=0
1374.01,explore_status,exploration_complete
1374.51,frontiers,avail=0 black=0
1374.51,explore_status,exploration_complete
1375.01,frontiers,avail=0 black=0
1375.01,explore_status,exploration_complete
1375.51,frontiers,avail=0 black=0
1375.51,explore_status,exploration_complete
1376.01,frontiers,avail=0 black=0
1376.01,explore_status,exploration_complete
1376.51,frontiers,avail=0 black=0
1376.51,explore_status,exploration_complete
1377.01,frontiers,avail=0 black=0
1377.01,explore_status,exploration_complete
1377.51,frontiers,avail=0 black=0
1377.51,explore_status,exploration_complete
1378.01,frontiers,avail=0 black=0
1378.01,explore_status,exploration_complete
1378.51,frontiers,avail=0 black=0
1378.51,explore_status,exploration_complete
1379.01,frontiers,avail=0 black=0
1379.01,explore_status,exploration_complete
1379.51,frontiers,avail=0 black=0
1379.51,explore_status,exploration_complete
1380.01,frontiers,avail=0 black=0
1380.01,explore_status,exploration_complete
1380.51,frontiers,avail=0 black=0
1380.51,explore_status,exploration_complete
1381.01,frontiers,avail=0 black=0
1381.01,explore_status,exploration_complete
1381.51,frontiers,avail=0 black=0
1381.51,explore_status,exploration_complete
1382.01,frontiers,avail=0 black=0
1382.01,explore_status,exploration_complete
1382.51,frontiers,avail=0 black=0
1382.51,explore_status,exploration_complete
1383.01,frontiers,avail=0 black=0
1383.01,explore_status,exploration_complete
1383.51,frontiers,avail=0 black=0
1383.51,explore_status,exploration_complete
1384.01,frontiers,avail=0 black=0
1384.01,explore_status,exploration_complete
1384.51,frontiers,avail=0 black=0
1384.51,explore_status,exploration_complete
1385.01,frontiers,avail=0 black=0
1385.01,explore_status,exploration_complete
1385.51,frontiers,avail=0 black=0
1385.51,explore_status,exploration_complete
1386.01,frontiers,avail=0 black=0
1386.01,explore_status,exploration_complete
1386.51,frontiers,avail=0 black=0
1386.51,explore_status,exploration_complete
1387.01,frontiers,avail=0 black=0
1387.01,explore_status,exploration_complete
1387.52,frontiers,avail=0 black=0
1387.52,explore_status,exploration_complete
1388.02,frontiers,avail=0 black=0
1388.02,explore_status,exploration_complete
1388.52,frontiers,avail=0 black=0
1388.52,explore_status,exploration_complete
1389.01,frontiers,avail=0 black=0
1389.02,explore_status,exploration_complete
1389.51,frontiers,avail=0 black=0
1389.52,explore_status,exploration_complete
1390.01,frontiers,avail=0 black=0
1390.01,explore_status,exploration_complete
1390.51,frontiers,avail=0 black=0
1390.52,explore_status,exploration_complete
1391.02,frontiers,avail=0 black=0
1391.02,explore_status,exploration_complete
1391.52,frontiers,avail=0 black=0
1391.52,explore_status,exploration_complete
1392.01,frontiers,avail=0 black=0
1392.02,explore_status,exploration_complete
1392.51,frontiers,avail=0 black=0
1392.52,explore_status,exploration_complete
1393.01,frontiers,avail=0 black=0
1393.02,explore_status,exploration_complete
1393.51,frontiers,avail=0 black=0
1393.52,explore_status,exploration_complete
1394.01,frontiers,avail=0 black=0
1394.01,explore_status,exploration_complete
1394.51,frontiers,avail=0 black=0
1394.52,explore_status,exploration_complete
1395.01,frontiers,avail=0 black=0
1395.02,explore_status,exploration_complete
1395.51,frontiers,avail=0 black=0
1395.52,explore_status,exploration_complete
1396.02,frontiers,avail=0 black=0
1396.02,explore_status,exploration_complete
1396.51,frontiers,avail=0 black=0
1396.52,explore_status,exploration_complete
1397.01,frontiers,avail=0 black=0
1397.02,explore_status,exploration_complete
1397.52,frontiers,avail=0 black=0
1397.52,explore_status,exploration_complete
1398.01,frontiers,avail=0 black=0
1398.01,explore_status,exploration_complete
1398.51,frontiers,avail=0 black=0
1398.51,explore_status,exploration_complete
1399.01,frontiers,avail=0 black=0
1399.02,explore_status,exploration_complete
1399.51,frontiers,avail=0 black=0
1399.51,explore_status,exploration_complete
1400.01,frontiers,avail=0 black=0
1400.01,explore_status,exploration_complete
1400.51,frontiers,avail=0 black=0
1400.52,explore_status,exploration_complete
1401.01,frontiers,avail=0 black=0
1401.01,explore_status,exploration_complete
1401.52,frontiers,avail=0 black=0
1401.52,explore_status,exploration_complete
1402.02,frontiers,avail=0 black=0
1402.02,explore_status,exploration_complete
1402.51,frontiers,avail=0 black=0
1402.51,explore_status,exploration_complete
1403.01,frontiers,avail=0 black=0
1403.01,explore_status,exploration_complete
1403.51,frontiers,avail=0 black=0
1403.52,explore_status,exploration_complete
1404.01,frontiers,avail=0 black=0
1404.01,explore_status,exploration_complete
1404.52,frontiers,avail=0 black=0
1404.52,explore_status,exploration_complete
1405.02,frontiers,avail=0 black=0
1405.02,explore_status,exploration_complete
1405.51,frontiers,avail=0 black=0
1405.52,explore_status,exploration_complete
1406.02,frontiers,avail=0 black=0
1406.02,explore_status,exploration_complete
1406.52,frontiers,avail=0 black=0
1406.52,explore_status,exploration_complete
1407.02,frontiers,avail=0 black=0
1407.02,explore_status,exploration_complete
1407.51,frontiers,avail=0 black=0
1407.51,explore_status,exploration_complete
1408.01,frontiers,avail=0 black=0
1408.01,explore_status,exploration_complete
1408.51,frontiers,avail=0 black=0
1408.52,explore_status,exploration_complete
1409.02,frontiers,avail=0 black=0
1409.02,explore_status,exploration_complete
1409.52,frontiers,avail=0 black=0
1409.52,explore_status,exploration_complete
1410.01,frontiers,avail=0 black=0
1410.02,explore_status,exploration_complete
1410.52,frontiers,avail=0 black=0
1410.52,explore_status,exploration_complete
1411.01,frontiers,avail=0 black=0
1411.02,explore_status,exploration_complete
1411.52,frontiers,avail=0 black=0
1411.52,explore_status,exploration_complete
1412.01,frontiers,avail=0 black=0
1412.02,explore_status,exploration_complete
1412.51,frontiers,avail=0 black=0
1412.51,explore_status,exploration_complete
1413.01,frontiers,avail=0 black=0
1413.01,explore_status,exploration_complete
1413.51,frontiers,avail=0 black=0
1413.51,explore_status,exploration_complete
1414.01,frontiers,avail=0 black=0
1414.02,explore_status,exploration_complete
1414.51,frontiers,avail=0 black=0
1414.52,explore_status,exploration_complete
1415.01,frontiers,avail=0 black=0
1415.02,explore_status,exploration_complete
1415.52,frontiers,avail=0 black=0
1415.52,explore_status,exploration_complete
1416.02,frontiers,avail=0 black=0
1416.02,explore_status,exploration_complete
1416.51,frontiers,avail=0 black=0
1416.51,explore_status,exploration_complete
1417.01,frontiers,avail=0 black=0
1417.01,explore_status,exploration_complete
1417.51,frontiers,avail=0 black=0
1417.52,explore_status,exploration_complete
1418.01,frontiers,avail=0 black=0
1418.01,explore_status,exploration_complete
1418.51,frontiers,avail=0 black=0
1418.52,explore_status,exploration_complete
1419.02,frontiers,avail=0 black=0
1419.02,explore_status,exploration_complete
1419.51,frontiers,avail=0 black=0
1419.51,explore_status,exploration_complete
1420.02,frontiers,avail=0 black=0
1420.02,explore_status,exploration_complete
1420.52,frontiers,avail=0 black=0
1420.52,explore_status,exploration_complete
1421.01,frontiers,avail=0 black=0
1421.01,explore_status,exploration_complete
1421.52,frontiers,avail=0 black=0
1421.52,explore_status,exploration_complete
1422.01,frontiers,avail=0 black=0
1422.02,explore_status,exploration_complete
1422.51,frontiers,avail=0 black=0
1422.51,explore_status,exploration_complete
1423.01,frontiers,avail=0 black=0
1423.01,explore_status,exploration_complete
1423.52,frontiers,avail=0 black=0
1423.52,explore_status,exploration_complete
1424.01,frontiers,avail=0 black=0
1424.01,explore_status,exploration_complete
1424.52,frontiers,avail=0 black=0
1424.52,explore_status,exploration_complete
1425.01,frontiers,avail=0 black=0
1425.01,explore_status,exploration_complete
1425.51,frontiers,avail=0 black=0
1425.52,explore_status,exploration_complete
1426.02,frontiers,avail=0 black=0
1426.02,explore_status,exploration_complete
1426.52,frontiers,avail=0 black=0
1426.52,explore_status,exploration_complete
1427.02,frontiers,avail=0 black=0
1427.02,explore_status,exploration_complete
1427.52,frontiers,avail=0 black=0
1427.52,explore_status,exploration_complete
1428.02,frontiers,avail=0 black=0
1428.02,explore_status,exploration_complete
1428.52,frontiers,avail=0 black=0
1428.52,explore_status,exploration_complete
1429.02,frontiers,avail=0 black=0
1429.02,explore_status,exploration_complete
1429.52,frontiers,avail=0 black=0
1429.52,explore_status,exploration_complete
1430.02,frontiers,avail=0 black=0
1430.02,explore_status,exploration_complete
1430.52,frontiers,avail=0 black=0
1430.52,explore_status,exploration_complete
1431.02,frontiers,avail=0 black=0
1431.02,explore_status,exploration_complete
1431.52,frontiers,avail=0 black=0
1431.52,explore_status,exploration_complete
1432.02,frontiers,avail=0 black=0
1432.02,explore_status,exploration_complete
1432.52,frontiers,avail=0 black=0
1432.52,explore_status,exploration_complete
1433.02,frontiers,avail=0 black=0
1433.02,explore_status,exploration_complete
1433.52,frontiers,avail=0 black=0
1433.52,explore_status,exploration_complete
1434.02,frontiers,avail=0 black=0
1434.02,explore_status,exploration_complete
1434.52,frontiers,avail=0 black=0
1434.52,explore_status,exploration_complete
1435.02,frontiers,avail=0 black=0
1435.02,explore_status,exploration_complete
1435.52,frontiers,avail=0 black=0
1435.52,explore_status,exploration_complete
1436.02,frontiers,avail=0 black=0
1436.02,explore_status,exploration_complete
1436.52,frontiers,avail=0 black=0
1436.52,explore_status,exploration_complete
1437.02,frontiers,avail=0 black=0
1437.02,explore_status,exploration_complete
1437.52,frontiers,avail=0 black=0
1437.52,explore_status,exploration_complete
1438.02,frontiers,avail=0 black=0
1438.02,explore_status,exploration_complete
1438.52,frontiers,avail=0 black=0
1438.52,explore_status,exploration_complete
1439.02,frontiers,avail=0 black=0
1439.02,explore_status,exploration_complete
1439.52,frontiers,avail=0 black=0
1439.52,explore_status,exploration_complete
1440.02,frontiers,avail=0 black=0
1440.02,explore_status,exploration_complete
1440.52,frontiers,avail=0 black=0
1440.52,explore_status,exploration_complete
1441.02,frontiers,avail=0 black=0
1441.02,explore_status,exploration_complete
1441.52,frontiers,avail=0 black=0
1441.52,explore_status,exploration_complete
1442.02,frontiers,avail=0 black=0
1442.02,explore_status,exploration_complete
1442.52,frontiers,avail=0 black=0
1442.52,explore_status,exploration_complete
1443.02,frontiers,avail=0 black=0
1443.02,explore_status,exploration_complete
1443.52,frontiers,avail=0 black=0
1443.52,explore_status,exploration_complete
1444.02,frontiers,avail=0 black=0
1444.02,explore_status,exploration_complete
1444.52,frontiers,avail=0 black=0
1444.52,explore_status,exploration_complete
1445.02,frontiers,avail=0 black=0
1445.02,explore_status,exploration_complete
1445.52,frontiers,avail=0 black=0
1445.52,explore_status,exploration_complete
1446.02,frontiers,avail=0 black=0
1446.02,explore_status,exploration_complete
1446.52,frontiers,avail=0 black=0
1446.52,explore_status,exploration_complete
1447.02,frontiers,avail=0 black=0
1447.02,explore_status,exploration_complete
1447.52,frontiers,avail=0 black=0
1447.52,explore_status,exploration_complete
1448.02,frontiers,avail=0 black=0
1448.02,explore_status,exploration_complete
1448.52,frontiers,avail=0 black=0
1448.52,explore_status,exploration_complete
1449.02,frontiers,avail=0 black=0
1449.02,explore_status,exploration_complete
1449.52,frontiers,avail=0 black=0
1449.52,explore_status,exploration_complete
1450.02,frontiers,avail=0 black=0
1450.02,explore_status,exploration_complete
1450.52,frontiers,avail=0 black=0
1450.52,explore_status,exploration_complete
1451.02,frontiers,avail=0 black=0
1451.02,explore_status,exploration_complete
1451.52,frontiers,avail=0 black=0
1451.52,explore_status,exploration_complete
1452.02,frontiers,avail=0 black=0
1452.02,explore_status,exploration_complete
1452.52,frontiers,avail=0 black=0
1452.52,explore_status,exploration_complete
1453.02,frontiers,avail=0 black=0
1453.02,explore_status,exploration_complete
1453.52,frontiers,avail=0 black=0
1453.52,explore_status,exploration_complete
1454.02,frontiers,avail=0 black=0
1454.02,explore_status,exploration_complete
1454.52,frontiers,avail=0 black=0
1454.52,explore_status,exploration_complete
1455.02,frontiers,avail=0 black=0
1455.02,explore_status,exploration_complete
1455.52,frontiers,avail=0 black=0
1455.52,explore_status,exploration_complete
1456.02,frontiers,avail=0 black=0
1456.02,explore_status,exploration_complete
1456.52,frontiers,avail=0 black=0
1456.52,explore_status,exploration_complete
1457.02,frontiers,avail=0 black=0
1457.02,explore_status,exploration_complete
1457.52,frontiers,avail=0 black=0
1457.52,explore_status,exploration_complete
1458.02,frontiers,avail=0 black=0
1458.02,explore_status,exploration_complete
1458.52,frontiers,avail=0 black=0
1458.52,explore_status,exploration_complete
1459.02,frontiers,avail=0 black=0
1459.02,explore_status,exploration_complete
1459.53,frontiers,avail=0 black=0
1459.53,explore_status,exploration_complete
1460.03,frontiers,avail=0 black=0
1460.03,explore_status,exploration_complete
1460.53,frontiers,avail=0 black=0
1460.53,explore_status,exploration_complete
1461.03,frontiers,avail=0 black=0
1461.03,explore_status,exploration_complete
1461.53,frontiers,avail=0 black=0
1461.53,explore_status,exploration_complete
1462.03,frontiers,avail=0 black=0
1462.03,explore_status,exploration_complete
1462.53,frontiers,avail=0 black=0
1462.53,explore_status,exploration_complete
1463.03,frontiers,avail=0 black=0
1463.03,explore_status,exploration_complete
1463.53,frontiers,avail=0 black=0
1463.53,explore_status,exploration_complete
1464.03,frontiers,avail=0 black=0
1464.04,explore_status,exploration_complete
1464.54,frontiers,avail=0 black=0
1464.54,explore_status,exploration_complete
1465.03,frontiers,avail=0 black=0
1465.04,explore_status,exploration_complete
1465.53,frontiers,avail=0 black=0
1465.53,explore_status,exploration_complete
1466.03,frontiers,avail=0 black=0
1466.04,explore_status,exploration_complete
1466.53,frontiers,avail=0 black=0
1466.53,explore_status,exploration_complete
1467.03,frontiers,avail=0 black=0
1467.03,explore_status,exploration_complete
1467.54,frontiers,avail=0 black=0
1467.54,explore_status,exploration_complete
1468.03,frontiers,avail=0 black=0
1468.04,explore_status,exploration_complete
1468.53,frontiers,avail=0 black=0
1468.54,explore_status,exploration_complete
1469.03,frontiers,avail=0 black=0
1469.03,explore_status,exploration_complete
1469.54,frontiers,avail=0 black=0
1469.54,explore_status,exploration_complete
1470.03,frontiers,avail=0 black=0
1470.03,explore_status,exploration_complete
1470.53,frontiers,avail=0 black=0
1470.53,explore_status,exploration_complete
1471.03,frontiers,avail=0 black=0
1471.04,explore_status,exploration_complete
1471.53,frontiers,avail=0 black=0
1471.53,explore_status,exploration_complete
1472.03,frontiers,avail=0 black=0
1472.03,explore_status,exploration_complete
1472.53,frontiers,avail=0 black=0
1472.53,explore_status,exploration_complete
1473.03,frontiers,avail=0 black=0
1473.04,explore_status,exploration_complete
1473.53,frontiers,avail=0 black=0
1473.53,explore_status,exploration_complete
1474.03,frontiers,avail=0 black=0
1474.03,explore_status,exploration_complete
1474.54,frontiers,avail=0 black=0
1474.54,explore_status,exploration_complete
1475.03,frontiers,avail=0 black=0
1475.03,explore_status,exploration_complete
1475.53,frontiers,avail=0 black=0
1475.54,explore_status,exploration_complete
1476.04,frontiers,avail=0 black=0
1476.04,explore_status,exploration_complete
1476.54,frontiers,avail=0 black=0
1476.54,explore_status,exploration_complete
1477.03,frontiers,avail=0 black=0
1477.03,explore_status,exploration_complete
1477.53,frontiers,avail=0 black=0
1477.53,explore_status,exploration_complete
1478.03,frontiers,avail=0 black=0
1478.04,explore_status,exploration_complete
1478.54,frontiers,avail=0 black=0
1478.54,explore_status,exploration_complete
1479.03,frontiers,avail=0 black=0
1479.03,explore_status,exploration_complete
1479.53,frontiers,avail=0 black=0
1479.54,explore_status,exploration_complete
1480.04,frontiers,avail=0 black=0
1480.04,explore_status,exploration_complete
1480.53,frontiers,avail=0 black=0
1480.54,explore_status,exploration_complete
1481.03,frontiers,avail=0 black=0
1481.03,explore_status,exploration_complete
1481.54,frontiers,avail=0 black=0
1481.54,explore_status,exploration_complete
1482.04,frontiers,avail=0 black=0
1482.04,explore_status,exploration_complete
1482.54,frontiers,avail=0 black=0
1482.54,explore_status,exploration_complete
1483.04,frontiers,avail=0 black=0
1483.04,explore_status,exploration_complete
1483.54,frontiers,avail=0 black=0
1483.54,explore_status,exploration_complete
1484.04,frontiers,avail=0 black=0
1484.04,explore_status,exploration_complete
1484.54,frontiers,avail=0 black=0
1484.54,explore_status,exploration_complete
1485.04,frontiers,avail=0 black=0
1485.04,explore_status,exploration_complete
1485.54,frontiers,avail=0 black=0
1485.54,explore_status,exploration_complete
1486.04,frontiers,avail=0 black=0
1486.04,explore_status,exploration_complete
1486.55,frontiers,avail=0 black=0
1486.55,explore_status,exploration_complete
1487.05,frontiers,avail=0 black=0
1487.05,explore_status,exploration_complete
1487.55,frontiers,avail=0 black=0
1487.55,explore_status,exploration_complete
1488.05,frontiers,avail=0 black=0
1488.05,explore_status,exploration_complete
1488.55,frontiers,avail=0 black=0
1488.55,explore_status,exploration_complete
1489.05,frontiers,avail=0 black=0
1489.05,explore_status,exploration_complete
1489.55,frontiers,avail=0 black=0
1489.55,explore_status,exploration_complete
1490.05,frontiers,avail=0 black=0
1490.05,explore_status,exploration_complete
1490.55,frontiers,avail=0 black=0
1490.55,explore_status,exploration_complete
1491.05,frontiers,avail=0 black=0
1491.05,explore_status,exploration_complete
1491.55,frontiers,avail=0 black=0
1491.55,explore_status,exploration_complete
1492.05,frontiers,avail=0 black=0
1492.05,explore_status,exploration_complete
1492.55,frontiers,avail=0 black=0
1492.55,explore_status,exploration_complete
1493.05,frontiers,avail=0 black=0
1493.05,explore_status,exploration_complete
1493.55,frontiers,avail=0 black=0
1493.55,explore_status,exploration_complete
1494.05,frontiers,avail=0 black=0
1494.05,explore_status,exploration_complete
1494.55,frontiers,avail=0 black=0
1494.55,explore_status,exploration_complete
1495.05,frontiers,avail=0 black=0
1495.05,explore_status,exploration_complete
1495.56,frontiers,avail=0 black=0
1495.56,explore_status,exploration_complete
1496.06,frontiers,avail=0 black=0
1496.06,explore_status,exploration_complete
1496.56,frontiers,avail=0 black=0
1496.56,explore_status,exploration_complete
1497.06,frontiers,avail=0 black=0
1497.06,explore_status,exploration_complete
1497.56,frontiers,avail=0 black=0
1497.56,explore_status,exploration_complete
1498.06,frontiers,avail=0 black=0
1498.06,explore_status,exploration_complete
1498.56,frontiers,avail=0 black=0
1498.56,explore_status,exploration_complete
1499.06,frontiers,avail=0 black=0
1499.06,explore_status,exploration_complete
1499.56,frontiers,avail=0 black=0
1499.56,explore_status,exploration_complete
1500.06,frontiers,avail=0 black=0
1500.06,explore_status,exploration_complete
1500.56,frontiers,avail=0 black=0
1500.56,explore_status,exploration_complete
1501.06,frontiers,avail=0 black=0
1501.06,explore_status,exploration_complete
1501.56,frontiers,avail=0 black=0
1501.56,explore_status,exploration_complete
1502.06,frontiers,avail=0 black=0
1502.06,explore_status,exploration_complete
1502.56,frontiers,avail=0 black=0
1502.56,explore_status,exploration_complete
1503.06,frontiers,avail=0 black=0
1503.06,explore_status,exploration_complete
1503.56,frontiers,avail=0 black=0
1503.56,explore_status,exploration_complete
1504.06,frontiers,avail=0 black=0
1504.06,explore_status,exploration_complete
1504.56,frontiers,avail=0 black=0
1504.56,explore_status,exploration_complete
1505.06,frontiers,avail=0 black=0
1505.06,explore_status,exploration_complete
1505.56,frontiers,avail=0 black=0
1505.56,explore_status,exploration_complete
1506.06,frontiers,avail=0 black=0
1506.06,explore_status,exploration_complete
1506.56,frontiers,avail=0 black=0
1506.56,explore_status,exploration_complete
1507.06,frontiers,avail=0 black=0
1507.06,explore_status,exploration_complete
1507.56,frontiers,avail=0 black=0
1507.56,explore_status,exploration_complete
1508.06,frontiers,avail=0 black=0
1508.06,explore_status,exploration_complete
1508.56,frontiers,avail=0 black=0
1508.56,explore_status,exploration_complete
1509.06,frontiers,avail=0 black=0
1509.06,explore_status,exploration_complete
1509.56,frontiers,avail=0 black=0
1509.56,explore_status,exploration_complete
1510.06,frontiers,avail=0 black=0
1510.06,explore_status,exploration_complete
1510.56,frontiers,avail=0 black=0
1510.56,explore_status,exploration_complete
1511.06,frontiers,avail=0 black=0
1511.06,explore_status,exploration_complete
1511.56,frontiers,avail=0 black=0
1511.56,explore_status,exploration_complete
1512.06,frontiers,avail=0 black=0
1512.06,explore_status,exploration_complete
1512.56,frontiers,avail=0 black=0
1512.56,explore_status,exploration_complete
1513.06,frontiers,avail=0 black=0
1513.06,explore_status,exploration_complete
1513.56,frontiers,avail=0 black=0
1513.56,explore_status,exploration_complete
1514.06,frontiers,avail=0 black=0
1514.06,explore_status,exploration_complete
1514.56,frontiers,avail=0 black=0
1514.56,explore_status,exploration_complete
1515.06,frontiers,avail=0 black=0
1515.06,explore_status,exploration_complete
1515.56,frontiers,avail=0 black=0
1515.56,explore_status,exploration_complete
1516.06,frontiers,avail=0 black=0
1516.06,explore_status,exploration_complete
1516.56,frontiers,avail=0 black=0
1516.56,explore_status,exploration_complete
1517.06,frontiers,avail=0 black=0
1517.06,explore_status,exploration_complete
1517.56,frontiers,avail=0 black=0
1517.56,explore_status,exploration_complete
1518.06,frontiers,avail=0 black=0
1518.06,explore_status,exploration_complete
1518.56,frontiers,avail=0 black=0
1518.56,explore_status,exploration_complete
1519.06,frontiers,avail=0 black=0
1519.06,explore_status,exploration_complete
1519.56,frontiers,avail=0 black=0
1519.56,explore_status,exploration_complete
1520.06,frontiers,avail=0 black=0
1520.06,explore_status,exploration_complete
1520.56,frontiers,avail=0 black=0
1520.56,explore_status,exploration_complete
1521.06,frontiers,avail=0 black=0
1521.06,explore_status,exploration_complete
1521.56,frontiers,avail=0 black=0
1521.56,explore_status,exploration_complete
1522.06,frontiers,avail=0 black=0
1522.06,explore_status,exploration_complete
1522.56,frontiers,avail=0 black=0
1522.56,explore_status,exploration_complete
1523.06,frontiers,avail=0 black=0
1523.06,explore_status,exploration_complete
1523.56,frontiers,avail=0 black=0
1523.56,explore_status,exploration_complete
1524.06,frontiers,avail=0 black=0
1524.06,explore_status,exploration_complete
1524.56,frontiers,avail=0 black=0
1524.56,explore_status,exploration_complete
1525.06,frontiers,avail=0 black=0
1525.06,explore_status,exploration_complete
1525.56,frontiers,avail=0 black=0
1525.56,explore_status,exploration_complete
1526.06,frontiers,avail=0 black=0
1526.06,explore_status,exploration_complete
1526.56,frontiers,avail=0 black=0
1526.56,explore_status,exploration_complete
1527.06,frontiers,avail=0 black=0
1527.06,explore_status,exploration_complete
1527.56,frontiers,avail=0 black=0
1527.56,explore_status,exploration_complete
1528.06,frontiers,avail=0 black=0
1528.06,explore_status,exploration_complete
1528.56,frontiers,avail=0 black=0
1528.56,explore_status,exploration_complete
1529.06,frontiers,avail=0 black=0
1529.06,explore_status,exploration_complete
1529.56,frontiers,avail=0 black=0
1529.56,explore_status,exploration_complete
1530.06,frontiers,avail=0 black=0
1530.06,explore_status,exploration_complete
1530.56,frontiers,avail=0 black=0
1530.56,explore_status,exploration_complete
1531.06,frontiers,avail=0 black=0
1531.06,explore_status,exploration_complete
1531.56,frontiers,avail=0 black=0
1531.56,explore_status,exploration_complete
1532.06,frontiers,avail=0 black=0
1532.06,explore_status,exploration_complete
1532.56,frontiers,avail=0 black=0
1532.56,explore_status,exploration_complete
1533.06,frontiers,avail=0 black=0
1533.06,explore_status,exploration_complete
1533.56,frontiers,avail=0 black=0
1533.56,explore_status,exploration_complete
1534.06,frontiers,avail=0 black=0
1534.06,explore_status,exploration_complete
1534.56,frontiers,avail=0 black=0
1534.56,explore_status,exploration_complete
1535.06,frontiers,avail=0 black=0
1535.06,explore_status,exploration_complete
1535.56,frontiers,avail=0 black=0
1535.56,explore_status,exploration_complete
1536.06,frontiers,avail=0 black=0
1536.06,explore_status,exploration_complete
1536.56,frontiers,avail=0 black=0
1536.57,explore_status,exploration_complete
1537.06,frontiers,avail=0 black=0
1537.06,explore_status,exploration_complete
1537.57,frontiers,avail=0 black=0
1537.57,explore_status,exploration_complete
1538.06,frontiers,avail=0 black=0
1538.07,explore_status,exploration_complete
1538.56,frontiers,avail=0 black=0
1538.57,explore_status,exploration_complete
1539.06,frontiers,avail=0 black=0
1539.07,explore_status,exploration_complete
1539.56,frontiers,avail=0 black=0
1539.57,explore_status,exploration_complete
1540.07,frontiers,avail=0 black=0
1540.07,explore_status,exploration_complete
1540.56,frontiers,avail=0 black=0
1540.56,explore_status,exploration_complete
1541.06,frontiers,avail=0 black=0
1541.07,explore_status,exploration_complete
1541.57,frontiers,avail=0 black=0
1541.57,explore_status,exploration_complete
1542.07,frontiers,avail=0 black=0
1542.07,explore_status,exploration_complete
1542.57,frontiers,avail=0 black=0
1542.57,explore_status,exploration_complete
1543.06,frontiers,avail=0 black=0
1543.07,explore_status,exploration_complete
1543.57,frontiers,avail=0 black=0
1543.57,explore_status,exploration_complete
1544.06,frontiers,avail=0 black=0
1544.07,explore_status,exploration_complete
1544.57,frontiers,avail=0 black=0
1544.57,explore_status,exploration_complete
1545.07,frontiers,avail=0 black=0
1545.07,explore_status,exploration_complete
1545.57,frontiers,avail=0 black=0
1545.57,explore_status,exploration_complete
1546.06,frontiers,avail=0 black=0
1546.07,explore_status,exploration_complete
1546.57,frontiers,avail=0 black=0
1546.57,explore_status,exploration_complete
1547.06,frontiers,avail=0 black=0
1547.07,explore_status,exploration_complete
1547.57,frontiers,avail=0 black=0
1547.57,explore_status,exploration_complete
1548.07,frontiers,avail=0 black=0
1548.07,explore_status,exploration_complete
1548.57,frontiers,avail=0 black=0
1548.57,explore_status,exploration_complete
1549.07,frontiers,avail=0 black=0
1549.07,explore_status,exploration_complete
1549.57,frontiers,avail=0 black=0
1549.57,explore_status,exploration_complete
1550.07,frontiers,avail=0 black=0
1550.07,explore_status,exploration_complete
1550.57,frontiers,avail=0 black=0
1550.57,explore_status,exploration_complete
1551.07,frontiers,avail=0 black=0
1551.07,explore_status,exploration_complete
1551.57,frontiers,avail=0 black=0
1551.57,explore_status,exploration_complete
1552.07,frontiers,avail=0 black=0
1552.07,explore_status,exploration_complete
1552.57,frontiers,avail=0 black=0
1552.57,explore_status,exploration_complete
1553.07,frontiers,avail=0 black=0
1553.07,explore_status,exploration_complete
1553.57,frontiers,avail=0 black=0
1553.57,explore_status,exploration_complete
1554.07,frontiers,avail=0 black=0
1554.07,explore_status,exploration_complete
1554.57,frontiers,avail=0 black=0
1554.57,explore_status,exploration_complete
1555.07,frontiers,avail=0 black=0
1555.07,explore_status,exploration_complete
1555.57,frontiers,avail=0 black=0
1555.57,explore_status,exploration_complete
1556.07,frontiers,avail=0 black=0
1556.07,explore_status,exploration_complete
1556.57,frontiers,avail=0 black=0
1556.57,explore_status,exploration_complete
1557.07,frontiers,avail=0 black=0
1557.07,explore_status,exploration_complete
1557.57,frontiers,avail=0 black=0
1557.57,explore_status,exploration_complete
1558.07,frontiers,avail=0 black=0
1558.07,explore_status,exploration_complete
1558.57,frontiers,avail=0 black=0
1558.57,explore_status,exploration_complete
1559.07,frontiers,avail=0 black=0
1559.07,explore_status,exploration_complete
1559.57,frontiers,avail=0 black=0
1559.57,explore_status,exploration_complete
1560.07,frontiers,avail=0 black=0
1560.07,explore_status,exploration_complete
1560.57,frontiers,avail=0 black=0
1560.57,explore_status,exploration_complete
1561.07,frontiers,avail=0 black=0
1561.07,explore_status,exploration_complete
1561.57,frontiers,avail=0 black=0
1561.57,explore_status,exploration_complete
1562.07,frontiers,avail=0 black=0
1562.07,explore_status,exploration_complete
1562.57,frontiers,avail=0 black=0
1562.57,explore_status,exploration_complete
1563.07,frontiers,avail=0 black=0
1563.07,explore_status,exploration_complete
1563.57,frontiers,avail=0 black=0
1563.57,explore_status,exploration_complete
1564.07,frontiers,avail=0 black=0
1564.07,explore_status,exploration_complete
1564.57,frontiers,avail=0 black=0
1564.57,explore_status,exploration_complete
1565.07,frontiers,avail=0 black=0
1565.07,explore_status,exploration_complete
1565.57,frontiers,avail=0 black=0
1565.57,explore_status,exploration_complete
1566.07,frontiers,avail=0 black=0
1566.07,explore_status,exploration_complete
1566.57,frontiers,avail=0 black=0
1566.57,explore_status,exploration_complete
1567.07,frontiers,avail=0 black=0
1567.07,explore_status,exploration_complete
1567.57,frontiers,avail=0 black=0
1567.57,explore_status,exploration_complete
1568.07,frontiers,avail=0 black=0
1568.07,explore_status,exploration_complete
1568.57,frontiers,avail=0 black=0
1568.57,explore_status,exploration_complete
1569.07,frontiers,avail=0 black=0
1569.07,explore_status,exploration_complete
1569.57,frontiers,avail=0 black=0
1569.57,explore_status,exploration_complete
1570.07,frontiers,avail=0 black=0
1570.07,explore_status,exploration_complete
1570.57,frontiers,avail=0 black=0
1570.57,explore_status,exploration_complete
1571.07,frontiers,avail=0 black=0
1571.07,explore_status,exploration_complete
1571.57,frontiers,avail=0 black=0
1571.57,explore_status,exploration_complete
1572.07,frontiers,avail=0 black=0
1572.07,explore_status,exploration_complete
1572.57,frontiers,avail=0 black=0
1572.57,explore_status,exploration_complete
1573.07,frontiers,avail=0 black=0
1573.07,explore_status,exploration_complete
1573.57,frontiers,avail=0 black=0
1573.57,explore_status,exploration_complete
1574.07,frontiers,avail=0 black=0
1574.07,explore_status,exploration_complete
1574.57,frontiers,avail=0 black=0
1574.57,explore_status,exploration_complete
1575.07,frontiers,avail=0 black=0
1575.07,explore_status,exploration_complete
1575.57,frontiers,avail=0 black=0
1575.57,explore_status,exploration_complete
1576.07,frontiers,avail=0 black=0
1576.07,explore_status,exploration_complete
1576.57,frontiers,avail=0 black=0
1576.57,explore_status,exploration_complete
1577.07,frontiers,avail=0 black=0
1577.07,explore_status,exploration_complete
1577.57,frontiers,avail=0 black=0
1577.57,explore_status,exploration_complete
1578.07,frontiers,avail=0 black=0
1578.07,explore_status,exploration_complete
1578.57,frontiers,avail=0 black=0
1578.57,explore_status,exploration_complete
1579.07,frontiers,avail=0 black=0
1579.07,explore_status,exploration_complete
1579.57,frontiers,avail=0 black=0
1579.57,explore_status,exploration_complete
1580.07,frontiers,avail=0 black=0
1580.07,explore_status,exploration_complete
1580.57,frontiers,avail=0 black=0
1580.57,explore_status,exploration_complete
1581.07,frontiers,avail=0 black=0
1581.07,explore_status,exploration_complete
1581.57,frontiers,avail=0 black=0
1581.57,explore_status,exploration_complete
1582.07,frontiers,avail=0 black=0
1582.07,explore_status,exploration_complete
1582.57,frontiers,avail=0 black=0
1582.57,explore_status,exploration_complete
1583.07,frontiers,avail=0 black=0
1583.07,explore_status,exploration_complete
1583.57,frontiers,avail=0 black=0
1583.57,explore_status,exploration_complete
1584.07,frontiers,avail=0 black=0
1584.07,explore_status,exploration_complete
1584.57,frontiers,avail=0 black=0
1584.57,explore_status,exploration_complete
1585.07,frontiers,avail=0 black=0
1585.07,explore_status,exploration_complete
1585.57,frontiers,avail=0 black=0
1585.57,explore_status,exploration_complete
1586.07,frontiers,avail=0 black=0
1586.07,explore_status,exploration_complete
1586.57,frontiers,avail=0 black=0
1586.57,explore_status,exploration_complete
1587.10,frontiers,avail=0 black=0
1587.10,explore_status,exploration_complete
1587.60,frontiers,avail=0 black=0
1587.60,explore_status,exploration_complete
1588.10,frontiers,avail=0 black=0
1588.10,explore_status,exploration_complete
1588.60,frontiers,avail=0 black=0
1588.60,explore_status,exploration_complete
1589.10,frontiers,avail=0 black=0
1589.10,explore_status,exploration_complete
1589.60,frontiers,avail=0 black=0
1589.60,explore_status,exploration_complete
1590.10,frontiers,avail=0 black=0
1590.10,explore_status,exploration_complete
1590.61,frontiers,avail=0 black=0
1590.61,explore_status,exploration_complete
1591.11,frontiers,avail=0 black=0
1591.11,explore_status,exploration_complete
1591.61,frontiers,avail=0 black=0
1591.61,explore_status,exploration_complete
1592.11,frontiers,avail=0 black=0
1592.11,explore_status,exploration_complete
1592.61,frontiers,avail=0 black=0
1592.61,explore_status,exploration_complete
1593.11,frontiers,avail=0 black=0
1593.11,explore_status,exploration_complete
1593.61,frontiers,avail=0 black=0
1593.61,explore_status,exploration_complete
1594.11,frontiers,avail=0 black=0
1594.11,explore_status,exploration_complete
1594.61,frontiers,avail=0 black=0
1594.61,explore_status,exploration_complete
1595.11,frontiers,avail=0 black=0
1595.11,explore_status,exploration_complete
1595.61,frontiers,avail=0 black=0
1595.61,explore_status,exploration_complete
1596.12,frontiers,avail=0 black=0
1596.12,explore_status,exploration_complete
1596.62,frontiers,avail=0 black=0
1596.62,explore_status,exploration_complete
1597.12,frontiers,avail=0 black=0
1597.12,explore_status,exploration_complete
1597.62,frontiers,avail=0 black=0
1597.62,explore_status,exploration_complete
1598.12,frontiers,avail=0 black=0
1598.12,explore_status,exploration_complete
1598.63,frontiers,avail=0 black=0
1598.63,explore_status,exploration_complete
1599.13,frontiers,avail=0 black=0
1599.13,explore_status,exploration_complete
1599.66,frontiers,avail=0 black=0
1599.66,explore_status,exploration_complete
1600.16,frontiers,avail=0 black=0
1600.16,explore_status,exploration_complete
1600.68,frontiers,avail=0 black=0
1600.68,explore_status,exploration_complete
1601.18,frontiers,avail=0 black=0
1601.18,explore_status,exploration_complete
1601.68,frontiers,avail=0 black=0
1601.68,explore_status,exploration_complete
1602.19,frontiers,avail=0 black=0
1602.19,explore_status,exploration_complete
1602.69,frontiers,avail=0 black=0
1602.69,explore_status,exploration_complete
1603.19,frontiers,avail=0 black=0
1603.19,explore_status,exploration_complete
1603.69,frontiers,avail=0 black=0
1603.69,explore_status,exploration_complete
1604.19,frontiers,avail=0 black=0
1604.19,explore_status,exploration_complete
1604.69,frontiers,avail=0 black=0
1604.70,explore_status,exploration_complete
1605.19,frontiers,avail=0 black=0
1605.20,explore_status,exploration_complete
1605.69,frontiers,avail=0 black=0
1605.69,explore_status,exploration_complete
1606.19,frontiers,avail=0 black=0
1606.19,explore_status,exploration_complete
1606.69,frontiers,avail=0 black=0
1606.69,explore_status,exploration_complete
1607.20,frontiers,avail=0 black=0
1607.20,explore_status,exploration_complete
1607.70,frontiers,avail=0 black=0
1607.70,explore_status,exploration_complete
1608.20,frontiers,avail=0 black=0
1608.20,explore_status,exploration_complete
1608.70,frontiers,avail=0 black=0
1608.70,explore_status,exploration_complete
1609.20,frontiers,avail=0 black=0
1609.20,explore_status,exploration_complete
1609.70,frontiers,avail=0 black=0
1609.71,explore_status,exploration_complete
1610.20,frontiers,avail=0 black=0
1610.20,explore_status,exploration_complete
1610.70,frontiers,avail=0 black=0
1610.70,explore_status,exploration_complete
1611.20,frontiers,avail=0 black=0
1611.20,explore_status,exploration_complete
1611.70,frontiers,avail=0 black=0
1611.70,explore_status,exploration_complete
1612.20,frontiers,avail=0 black=0
1612.20,explore_status,exploration_complete
1612.71,frontiers,avail=0 black=0
1612.71,explore_status,exploration_complete
1613.21,frontiers,avail=0 black=0
1613.21,explore_status,exploration_complete
1613.71,frontiers,avail=0 black=0
1613.71,explore_status,exploration_complete
1614.21,frontiers,avail=0 black=0
1614.21,explore_status,exploration_complete
1614.71,frontiers,avail=0 black=0
1614.71,explore_status,exploration_complete
1615.21,frontiers,avail=0 black=0
1615.21,explore_status,exploration_complete
1615.71,frontiers,avail=0 black=0
1615.71,explore_status,exploration_complete
1616.21,frontiers,avail=0 black=0
1616.21,explore_status,exploration_complete
1616.72,frontiers,avail=0 black=0
1616.72,explore_status,exploration_complete
1617.22,frontiers,avail=0 black=0
1617.22,explore_status,exploration_complete
1617.72,frontiers,avail=0 black=0
1617.72,explore_status,exploration_complete
1618.22,frontiers,avail=0 black=0
1618.22,explore_status,exploration_complete
1618.72,frontiers,avail=0 black=0
1618.72,explore_status,exploration_complete
1619.22,frontiers,avail=0 black=0
1619.22,explore_status,exploration_complete
1619.73,frontiers,avail=0 black=0
1619.73,explore_status,exploration_complete
1620.23,frontiers,avail=0 black=0
1620.23,explore_status,exploration_complete
1620.73,frontiers,avail=0 black=0
1620.73,explore_status,exploration_complete
1621.23,frontiers,avail=0 black=0
1621.23,explore_status,exploration_complete
1621.73,frontiers,avail=0 black=0
1621.73,explore_status,exploration_complete
1622.23,frontiers,avail=0 black=0
1622.23,explore_status,exploration_complete
1622.73,frontiers,avail=0 black=0
1622.73,explore_status,exploration_complete
1623.23,frontiers,avail=0 black=0
1623.23,explore_status,exploration_complete
1623.73,frontiers,avail=0 black=0
1623.73,explore_status,exploration_complete
1624.23,frontiers,avail=0 black=0
1624.23,explore_status,exploration_complete
1624.73,frontiers,avail=0 black=0
1624.73,explore_status,exploration_complete
1625.23,frontiers,avail=0 black=0
1625.23,explore_status,exploration_complete
1625.73,frontiers,avail=0 black=0
1625.73,explore_status,exploration_complete
1626.23,frontiers,avail=0 black=0
1626.23,explore_status,exploration_complete
1626.73,frontiers,avail=0 black=0
1626.73,explore_status,exploration_complete
1627.23,frontiers,avail=0 black=0
1627.23,explore_status,exploration_complete
1627.73,frontiers,avail=0 black=0
1627.73,explore_status,exploration_complete
1628.23,frontiers,avail=0 black=0
1628.23,explore_status,exploration_complete
1628.73,frontiers,avail=0 black=0
1628.73,explore_status,exploration_complete
1629.23,frontiers,avail=0 black=0
1629.23,explore_status,exploration_complete
1629.73,frontiers,avail=0 black=0
1629.73,explore_status,exploration_complete
1630.23,frontiers,avail=0 black=0
1630.23,explore_status,exploration_complete
1630.73,frontiers,avail=0 black=0
1630.73,explore_status,exploration_complete
1631.23,frontiers,avail=0 black=0
1631.23,explore_status,exploration_complete
1631.73,frontiers,avail=0 black=0
1631.73,explore_status,exploration_complete
1632.23,frontiers,avail=0 black=0
1632.23,explore_status,exploration_complete
1632.73,frontiers,avail=0 black=0
1632.73,explore_status,exploration_complete
1633.23,frontiers,avail=0 black=0
1633.23,explore_status,exploration_complete
1633.73,frontiers,avail=0 black=0
1633.73,explore_status,exploration_complete
1634.24,frontiers,avail=0 black=0
1634.24,explore_status,exploration_complete
1634.78,frontiers,avail=0 black=0
1634.78,explore_status,exploration_complete
1635.28,frontiers,avail=0 black=0
1635.28,explore_status,exploration_complete
1635.78,frontiers,avail=0 black=0
1635.78,explore_status,exploration_complete
1636.28,frontiers,avail=0 black=0
1636.28,explore_status,exploration_complete
1636.78,frontiers,avail=0 black=0
1636.78,explore_status,exploration_complete
1637.28,frontiers,avail=0 black=0
1637.28,explore_status,exploration_complete
1637.78,frontiers,avail=0 black=0
1637.78,explore_status,exploration_complete
1638.28,frontiers,avail=0 black=0
1638.28,explore_status,exploration_complete
1638.78,frontiers,avail=0 black=0
1638.78,explore_status,exploration_complete
1639.28,frontiers,avail=0 black=0
1639.28,explore_status,exploration_complete
1639.78,frontiers,avail=0 black=0
1639.78,explore_status,exploration_complete
1640.28,frontiers,avail=0 black=0
1640.28,explore_status,exploration_complete
1640.78,frontiers,avail=0 black=0
1640.78,explore_status,exploration_complete
1641.28,frontiers,avail=0 black=0
1641.28,explore_status,exploration_complete
1641.78,frontiers,avail=0 black=0
1641.78,explore_status,exploration_complete
1642.28,frontiers,avail=0 black=0
1642.28,explore_status,exploration_complete
1642.78,frontiers,avail=0 black=0
1642.78,explore_status,exploration_complete
1643.28,frontiers,avail=0 black=0
1643.28,explore_status,exploration_complete
1643.78,frontiers,avail=0 black=0
1643.78,explore_status,exploration_complete
1644.28,frontiers,avail=0 black=0
1644.28,explore_status,exploration_complete
1644.78,frontiers,avail=0 black=0
1644.78,explore_status,exploration_complete
1645.28,frontiers,avail=0 black=0
1645.28,explore_status,exploration_complete
1645.78,frontiers,avail=0 black=0
1645.78,explore_status,exploration_complete
1646.28,frontiers,avail=0 black=0
1646.28,explore_status,exploration_complete
1646.78,frontiers,avail=0 black=0
1646.78,explore_status,exploration_complete
1647.28,frontiers,avail=0 black=0
1647.28,explore_status,exploration_complete
1647.78,frontiers,avail=0 black=0
1647.78,explore_status,exploration_complete
1648.28,frontiers,avail=0 black=0
1648.28,explore_status,exploration_complete
1648.78,frontiers,avail=0 black=0
1648.78,explore_status,exploration_complete
1649.28,frontiers,avail=0 black=0
1649.28,explore_status,exploration_complete
1649.78,frontiers,avail=0 black=0
1649.78,explore_status,exploration_complete
1650.28,frontiers,avail=0 black=0
1650.28,explore_status,exploration_complete
1650.78,frontiers,avail=0 black=0
1650.78,explore_status,exploration_complete
1651.28,frontiers,avail=0 black=0
1651.28,explore_status,exploration_complete
1651.78,frontiers,avail=0 black=0
1651.78,explore_status,exploration_complete
1652.28,frontiers,avail=0 black=0
1652.28,explore_status,exploration_complete
1652.78,frontiers,avail=0 black=0
1652.78,explore_status,exploration_complete
1653.28,frontiers,avail=0 black=0
1653.28,explore_status,exploration_complete
1653.78,frontiers,avail=0 black=0
1653.78,explore_status,exploration_complete
1654.28,frontiers,avail=0 black=0
1654.28,explore_status,exploration_complete
1654.78,frontiers,avail=0 black=0
1654.78,explore_status,exploration_complete
1655.28,frontiers,avail=0 black=0
1655.28,explore_status,exploration_complete
1655.78,frontiers,avail=0 black=0
1655.78,explore_status,exploration_complete
1656.28,frontiers,avail=0 black=0
1656.28,explore_status,exploration_complete
1656.78,frontiers,avail=0 black=0
1656.78,explore_status,exploration_complete
1657.28,frontiers,avail=0 black=0
1657.28,explore_status,exploration_complete
1657.78,frontiers,avail=0 black=0
1657.78,explore_status,exploration_complete
1658.28,frontiers,avail=0 black=0
1658.28,explore_status,exploration_complete
1658.78,frontiers,avail=0 black=0
1658.78,explore_status,exploration_complete
1659.28,frontiers,avail=0 black=0
1659.28,explore_status,exploration_complete
1659.78,frontiers,avail=0 black=0
1659.78,explore_status,exploration_complete
1660.28,frontiers,avail=0 black=0
1660.28,explore_status,exploration_complete
1660.78,frontiers,avail=0 black=0
1660.78,explore_status,exploration_complete
1661.28,frontiers,avail=0 black=0
1661.28,explore_status,exploration_complete
1661.78,frontiers,avail=0 black=0
1661.78,explore_status,exploration_complete
1662.28,frontiers,avail=0 black=0
1662.28,explore_status,exploration_complete
1662.78,frontiers,avail=0 black=0
1662.78,explore_status,exploration_complete
1663.28,frontiers,avail=0 black=0
1663.28,explore_status,exploration_complete
1663.78,frontiers,avail=0 black=0
1663.78,explore_status,exploration_complete
1664.28,frontiers,avail=0 black=0
1664.28,explore_status,exploration_complete
1664.78,frontiers,avail=0 black=0
1664.78,explore_status,exploration_complete
1665.29,frontiers,avail=0 black=0
1665.29,explore_status,exploration_complete
1665.79,frontiers,avail=0 black=0
1665.79,explore_status,exploration_complete
1666.29,frontiers,avail=0 black=0
1666.29,explore_status,exploration_complete
1666.79,frontiers,avail=0 black=0
1666.79,explore_status,exploration_complete
1667.29,frontiers,avail=0 black=0
1667.29,explore_status,exploration_complete
1667.79,frontiers,avail=0 black=0
1667.79,explore_status,exploration_complete
1668.29,frontiers,avail=0 black=0
1668.29,explore_status,exploration_complete
1668.79,frontiers,avail=0 black=0
1668.79,explore_status,exploration_complete
1669.29,frontiers,avail=0 black=0
1669.29,explore_status,exploration_complete
1669.79,frontiers,avail=0 black=0
1669.79,explore_status,exploration_complete
1670.29,frontiers,avail=0 black=0
1670.29,explore_status,exploration_complete
1670.79,frontiers,avail=0 black=0
1670.79,explore_status,exploration_complete
1671.29,frontiers,avail=0 black=0
1671.29,explore_status,exploration_complete
1671.79,frontiers,avail=0 black=0
1671.79,explore_status,exploration_complete
1672.29,frontiers,avail=0 black=0
1672.29,explore_status,exploration_complete
1672.79,frontiers,avail=0 black=0
1672.79,explore_status,exploration_complete
1673.29,frontiers,avail=0 black=0
1673.29,explore_status,exploration_complete
1673.79,frontiers,avail=0 black=0
1673.79,explore_status,exploration_complete
1674.29,frontiers,avail=0 black=0
1674.29,explore_status,exploration_complete
1674.79,frontiers,avail=0 black=0
1674.79,explore_status,exploration_complete
1675.29,frontiers,avail=0 black=0
1675.29,explore_status,exploration_complete
1675.79,frontiers,avail=0 black=0
1675.79,explore_status,exploration_complete
1676.29,frontiers,avail=0 black=0
1676.29,explore_status,exploration_complete
1676.79,frontiers,avail=0 black=0
1676.79,explore_status,exploration_complete
1677.29,frontiers,avail=0 black=0
1677.29,explore_status,exploration_complete
1677.79,frontiers,avail=0 black=0
1677.79,explore_status,exploration_complete
1678.29,frontiers,avail=0 black=0
1678.29,explore_status,exploration_complete
1678.79,frontiers,avail=0 black=0
1678.79,explore_status,exploration_complete
1679.29,frontiers,avail=0 black=0
1679.29,explore_status,exploration_complete
1679.79,frontiers,avail=0 black=0
1679.79,explore_status,exploration_complete
1680.29,frontiers,avail=0 black=0
1680.29,explore_status,exploration_complete
1680.79,frontiers,avail=0 black=0
1680.79,explore_status,exploration_complete
1681.29,frontiers,avail=0 black=0
1681.29,explore_status,exploration_complete
1681.79,frontiers,avail=0 black=0
1681.79,explore_status,exploration_complete
1682.29,frontiers,avail=0 black=0
1682.29,explore_status,exploration_complete
1682.79,frontiers,avail=0 black=0
1682.79,explore_status,exploration_complete
1683.29,frontiers,avail=0 black=0
1683.29,explore_status,exploration_complete
1683.79,frontiers,avail=0 black=0
1683.79,explore_status,exploration_complete
1684.29,frontiers,avail=0 black=0
1684.29,explore_status,exploration_complete
1684.79,frontiers,avail=0 black=0
1684.79,explore_status,exploration_complete
1685.29,frontiers,avail=0 black=0
1685.29,explore_status,exploration_complete
1685.79,frontiers,avail=0 black=0
1685.79,explore_status,exploration_complete
1686.29,frontiers,avail=0 black=0
1686.29,explore_status,exploration_complete
1686.79,frontiers,avail=0 black=0
1686.79,explore_status,exploration_complete
1687.29,frontiers,avail=0 black=0
1687.29,explore_status,exploration_complete
1687.79,frontiers,avail=0 black=0
1687.79,explore_status,exploration_complete
1688.29,frontiers,avail=0 black=0
1688.29,explore_status,exploration_complete
1688.79,frontiers,avail=0 black=0
1688.79,explore_status,exploration_complete
1689.29,frontiers,avail=0 black=0
1689.29,explore_status,exploration_complete
1689.79,frontiers,avail=0 black=0
1689.79,explore_status,exploration_complete
1690.29,frontiers,avail=0 black=0
1690.29,explore_status,exploration_complete
1690.79,frontiers,avail=0 black=0
1690.79,explore_status,exploration_complete
1691.29,frontiers,avail=0 black=0
1691.29,explore_status,exploration_complete
1691.79,frontiers,avail=0 black=0
1691.79,explore_status,exploration_complete
1692.29,frontiers,avail=0 black=0
1692.29,explore_status,exploration_complete
1692.79,frontiers,avail=0 black=0
1692.79,explore_status,exploration_complete
1693.29,frontiers,avail=0 black=0
1693.29,explore_status,exploration_complete
1693.79,frontiers,avail=0 black=0
1693.79,explore_status,exploration_complete
1694.29,frontiers,avail=0 black=0
1694.29,explore_status,exploration_complete
1694.79,frontiers,avail=0 black=0
1694.79,explore_status,exploration_complete
1695.29,frontiers,avail=0 black=0
1695.29,explore_status,exploration_complete
1695.79,frontiers,avail=0 black=0
1695.79,explore_status,exploration_complete
1696.29,frontiers,avail=0 black=0
1696.29,explore_status,exploration_complete
1696.79,frontiers,avail=0 black=0
1696.79,explore_status,exploration_complete
1697.29,frontiers,avail=0 black=0
1697.29,explore_status,exploration_complete
1697.79,frontiers,avail=0 black=0
1697.79,explore_status,exploration_complete
1698.29,frontiers,avail=0 black=0
1698.29,explore_status,exploration_complete
1698.79,frontiers,avail=0 black=0
1698.79,explore_status,exploration_complete
1699.29,frontiers,avail=0 black=0
1699.29,explore_status,exploration_complete
1699.79,frontiers,avail=0 black=0
1699.79,explore_status,exploration_complete
1700.29,frontiers,avail=0 black=0
1700.29,explore_status,exploration_complete
1700.79,frontiers,avail=0 black=0
1700.79,explore_status,exploration_complete
1701.29,frontiers,avail=0 black=0
1701.29,explore_status,exploration_complete
1701.79,frontiers,avail=0 black=0
1701.79,explore_status,exploration_complete
1702.29,frontiers,avail=0 black=0
1702.29,explore_status,exploration_complete
1702.79,frontiers,avail=0 black=0
1702.79,explore_status,exploration_complete
1703.29,frontiers,avail=0 black=0
1703.29,explore_status,exploration_complete
1703.79,frontiers,avail=0 black=0
1703.79,explore_status,exploration_complete
1704.29,frontiers,avail=0 black=0
1704.29,explore_status,exploration_complete
1704.79,frontiers,avail=0 black=0
1704.79,explore_status,exploration_complete
1705.29,frontiers,avail=0 black=0
1705.29,explore_status,exploration_complete
1705.79,frontiers,avail=0 black=0
1705.79,explore_status,exploration_complete
1706.29,frontiers,avail=0 black=0
1706.29,explore_status,exploration_complete
1706.79,frontiers,avail=0 black=0
1706.79,explore_status,exploration_complete
1707.29,frontiers,avail=0 black=0
1707.29,explore_status,exploration_complete
1707.79,frontiers,avail=0 black=0
1707.79,explore_status,exploration_complete
1708.29,frontiers,avail=0 black=0
1708.29,explore_status,exploration_complete
1708.79,frontiers,avail=0 black=0
1708.79,explore_status,exploration_complete
1709.29,frontiers,avail=0 black=0
1709.29,explore_status,exploration_complete
1709.79,frontiers,avail=0 black=0
1709.79,explore_status,exploration_complete
1710.29,frontiers,avail=0 black=0
1710.29,explore_status,exploration_complete
1710.79,frontiers,avail=0 black=0
1710.79,explore_status,exploration_complete
1711.29,frontiers,avail=0 black=0
1711.29,explore_status,exploration_complete
1711.79,frontiers,avail=0 black=0
1711.79,explore_status,exploration_complete
1712.29,frontiers,avail=0 black=0
1712.29,explore_status,exploration_complete
1712.79,frontiers,avail=0 black=0
1712.79,explore_status,exploration_complete
1713.29,frontiers,avail=0 black=0
1713.29,explore_status,exploration_complete
1713.79,frontiers,avail=0 black=0
1713.79,explore_status,exploration_complete
1714.29,frontiers,avail=0 black=0
1714.29,explore_status,exploration_complete
1714.79,frontiers,avail=0 black=0
1714.79,explore_status,exploration_complete
1715.29,frontiers,avail=0 black=0
1715.29,explore_status,exploration_complete
1715.79,frontiers,avail=0 black=0
1715.79,explore_status,exploration_complete
1716.29,frontiers,avail=0 black=0
1716.29,explore_status,exploration_complete
1716.79,frontiers,avail=0 black=0
1716.79,explore_status,exploration_complete
1717.29,frontiers,avail=0 black=0
1717.29,explore_status,exploration_complete
1717.79,frontiers,avail=0 black=0
1717.79,explore_status,exploration_complete
1718.29,frontiers,avail=0 black=0
1718.29,explore_status,exploration_complete
1718.79,frontiers,avail=0 black=0
1718.79,explore_status,exploration_complete
1719.29,frontiers,avail=0 black=0
1719.29,explore_status,exploration_complete
1719.79,frontiers,avail=0 black=0
1719.79,explore_status,exploration_complete
1720.29,frontiers,avail=0 black=0
1720.29,explore_status,exploration_complete
1720.79,frontiers,avail=0 black=0
1720.79,explore_status,exploration_complete
1721.29,frontiers,avail=0 black=0
1721.29,explore_status,exploration_complete
1721.79,frontiers,avail=0 black=0
1721.79,explore_status,exploration_complete
1722.29,frontiers,avail=0 black=0
1722.29,explore_status,exploration_complete
1722.79,frontiers,avail=0 black=0
1722.79,explore_status,exploration_complete
1723.29,frontiers,avail=0 black=0
1723.29,explore_status,exploration_complete
1723.79,frontiers,avail=0 black=0
1723.79,explore_status,exploration_complete
1724.30,frontiers,avail=0 black=0
1724.30,explore_status,exploration_complete
1724.79,frontiers,avail=0 black=0
1724.79,explore_status,exploration_complete
1725.29,frontiers,avail=0 black=0
1725.29,explore_status,exploration_complete
1725.80,frontiers,avail=0 black=0
1725.80,explore_status,exploration_complete
1726.29,frontiers,avail=0 black=0
1726.29,explore_status,exploration_complete
1726.79,frontiers,avail=0 black=0
1726.79,explore_status,exploration_complete
1727.29,frontiers,avail=0 black=0
1727.29,explore_status,exploration_complete
1727.79,frontiers,avail=0 black=0
1727.79,explore_status,exploration_complete
1728.29,frontiers,avail=0 black=0
1728.29,explore_status,exploration_complete
1728.79,frontiers,avail=0 black=0
1728.79,explore_status,exploration_complete
1729.29,frontiers,avail=0 black=0
1729.30,explore_status,exploration_complete
1729.79,frontiers,avail=0 black=0
1729.79,explore_status,exploration_complete
1730.29,frontiers,avail=0 black=0
1730.29,explore_status,exploration_complete
1730.79,frontiers,avail=0 black=0
1730.79,explore_status,exploration_complete
1731.29,frontiers,avail=0 black=0
1731.29,explore_status,exploration_complete
1731.79,frontiers,avail=0 black=0
1731.79,explore_status,exploration_complete
1732.29,frontiers,avail=0 black=0
1732.29,explore_status,exploration_complete
1732.79,frontiers,avail=0 black=0
1732.79,explore_status,exploration_complete
1733.29,frontiers,avail=0 black=0
1733.29,explore_status,exploration_complete
1733.79,frontiers,avail=0 black=0
1733.79,explore_status,exploration_complete
1734.29,frontiers,avail=0 black=0
1734.29,explore_status,exploration_complete
1734.79,frontiers,avail=0 black=0
1734.80,explore_status,exploration_complete
1735.30,frontiers,avail=0 black=0
1735.30,explore_status,exploration_complete
1735.79,frontiers,avail=0 black=0
1735.79,explore_status,exploration_complete
1736.29,frontiers,avail=0 black=0
1736.29,explore_status,exploration_complete
1736.79,frontiers,avail=0 black=0
1736.79,explore_status,exploration_complete
1737.29,frontiers,avail=0 black=0
1737.29,explore_status,exploration_complete
1737.79,frontiers,avail=0 black=0
1737.79,explore_status,exploration_complete
1738.29,frontiers,avail=0 black=0
1738.29,explore_status,exploration_complete
1738.79,frontiers,avail=0 black=0
1738.79,explore_status,exploration_complete
1739.29,frontiers,avail=0 black=0
1739.29,explore_status,exploration_complete
1739.79,frontiers,avail=0 black=0
1739.79,explore_status,exploration_complete
1740.29,frontiers,avail=0 black=0
1740.29,explore_status,exploration_complete
1740.79,frontiers,avail=0 black=0
1740.79,explore_status,exploration_complete
1741.29,frontiers,avail=0 black=0
1741.29,explore_status,exploration_complete
1741.79,frontiers,avail=0 black=0
1741.79,explore_status,exploration_complete
1742.29,frontiers,avail=0 black=0
1742.29,explore_status,exploration_complete
1742.79,frontiers,avail=0 black=0
1742.79,explore_status,exploration_complete
1743.29,frontiers,avail=0 black=0
1743.29,explore_status,exploration_complete
1743.79,frontiers,avail=0 black=0
1743.79,explore_status,exploration_complete
1744.29,frontiers,avail=0 black=0
1744.29,explore_status,exploration_complete
1744.79,frontiers,avail=0 black=0
1744.79,explore_status,exploration_complete
1745.29,frontiers,avail=0 black=0
1745.29,explore_status,exploration_complete
1745.79,frontiers,avail=0 black=0
1745.79,explore_status,exploration_complete
1746.29,frontiers,avail=0 black=0
1746.29,explore_status,exploration_complete
1746.79,frontiers,avail=0 black=0
1746.79,explore_status,exploration_complete
1747.29,frontiers,avail=0 black=0
1747.29,explore_status,exploration_complete
1747.79,frontiers,avail=0 black=0
1747.79,explore_status,exploration_complete
1748.29,frontiers,avail=0 black=0
1748.29,explore_status,exploration_complete
1748.79,frontiers,avail=0 black=0
1748.79,explore_status,exploration_complete
1749.29,frontiers,avail=0 black=0
1749.29,explore_status,exploration_complete
1749.79,frontiers,avail=0 black=0
1749.79,explore_status,exploration_complete
1750.29,frontiers,avail=0 black=0
1750.29,explore_status,exploration_complete
1750.79,frontiers,avail=0 black=0
1750.79,explore_status,exploration_complete
1751.29,frontiers,avail=0 black=0
1751.29,explore_status,exploration_complete
1751.79,frontiers,avail=0 black=0
1751.79,explore_status,exploration_complete
1752.29,frontiers,avail=0 black=0
1752.29,explore_status,exploration_complete
1752.79,frontiers,avail=0 black=0
1752.79,explore_status,exploration_complete
1753.29,frontiers,avail=0 black=0
1753.29,explore_status,exploration_complete
1753.79,frontiers,avail=0 black=0
1753.79,explore_status,exploration_complete
1754.29,frontiers,avail=0 black=0
1754.29,explore_status,exploration_complete
1754.79,frontiers,avail=0 black=0
1754.79,explore_status,exploration_complete
1755.29,frontiers,avail=0 black=0
1755.29,explore_status,exploration_complete
1755.79,frontiers,avail=0 black=0
1755.79,explore_status,exploration_complete
1756.29,frontiers,avail=0 black=0
1756.29,explore_status,exploration_complete
1756.79,frontiers,avail=0 black=0
1756.79,explore_status,exploration_complete
1757.29,frontiers,avail=0 black=0
1757.29,explore_status,exploration_complete
1757.79,frontiers,avail=0 black=0
1757.79,explore_status,exploration_complete
1758.29,frontiers,avail=0 black=0
1758.29,explore_status,exploration_complete
1758.79,frontiers,avail=0 black=0
1758.79,explore_status,exploration_complete
1759.29,frontiers,avail=0 black=0
1759.29,explore_status,exploration_complete
1759.79,frontiers,avail=0 black=0
1759.79,explore_status,exploration_complete
1760.29,frontiers,avail=0 black=0
1760.29,explore_status,exploration_complete
1760.79,frontiers,avail=0 black=0
1760.79,explore_status,exploration_complete
1761.29,frontiers,avail=0 black=0
1761.29,explore_status,exploration_complete
1761.79,frontiers,avail=0 black=0
1761.79,explore_status,exploration_complete
1762.29,frontiers,avail=0 black=0
1762.29,explore_status,exploration_complete
1762.79,frontiers,avail=0 black=0
1762.79,explore_status,exploration_complete
1763.29,frontiers,avail=0 black=0
1763.29,explore_status,exploration_complete
1763.79,frontiers,avail=0 black=0
1763.79,explore_status,exploration_complete
1764.29,frontiers,avail=0 black=0
1764.29,explore_status,exploration_complete
1764.79,frontiers,avail=0 black=0
1764.79,explore_status,exploration_complete
1765.29,frontiers,avail=0 black=0
1765.29,explore_status,exploration_complete
1765.79,frontiers,avail=0 black=0
1765.79,explore_status,exploration_complete
1766.29,frontiers,avail=0 black=0
1766.29,explore_status,exploration_complete
1766.79,frontiers,avail=0 black=0
1766.79,explore_status,exploration_complete
1767.29,frontiers,avail=0 black=0
1767.29,explore_status,exploration_complete
1767.79,frontiers,avail=0 black=0
1767.79,explore_status,exploration_complete
1768.29,frontiers,avail=0 black=0
1768.29,explore_status,exploration_complete
1768.79,frontiers,avail=0 black=0
1768.79,explore_status,exploration_complete
1769.29,frontiers,avail=0 black=0
1769.29,explore_status,exploration_complete
1769.79,frontiers,avail=0 black=0
1769.79,explore_status,exploration_complete
1770.29,frontiers,avail=0 black=0
1770.29,explore_status,exploration_complete
1770.79,frontiers,avail=0 black=0
1770.79,explore_status,exploration_complete
1771.29,frontiers,avail=0 black=0
1771.29,explore_status,exploration_complete
1771.79,frontiers,avail=0 black=0
1771.79,explore_status,exploration_complete
1772.29,frontiers,avail=0 black=0
1772.29,explore_status,exploration_complete
1772.79,frontiers,avail=0 black=0
1772.79,explore_status,exploration_complete
1773.29,frontiers,avail=0 black=0
1773.29,explore_status,exploration_complete
1773.79,frontiers,avail=0 black=0
1773.79,explore_status,exploration_complete
1774.29,frontiers,avail=0 black=0
1774.29,explore_status,exploration_complete
1774.79,frontiers,avail=0 black=0
1774.79,explore_status,exploration_complete
1775.29,frontiers,avail=0 black=0
1775.29,explore_status,exploration_complete
1775.79,frontiers,avail=0 black=0
1775.79,explore_status,exploration_complete
1776.29,frontiers,avail=0 black=0
1776.29,explore_status,exploration_complete
1776.79,frontiers,avail=0 black=0
1776.79,explore_status,exploration_complete
1777.29,frontiers,avail=0 black=0
1777.29,explore_status,exploration_complete
1777.79,frontiers,avail=0 black=0
1777.79,explore_status,exploration_complete
1778.29,frontiers,avail=0 black=0
1778.29,explore_status,exploration_complete
1778.79,frontiers,avail=0 black=0
1778.79,explore_status,exploration_complete
1779.29,frontiers,avail=0 black=0
1779.29,explore_status,exploration_complete
1779.79,frontiers,avail=0 black=0
1779.79,explore_status,exploration_complete
1780.29,frontiers,avail=0 black=0
1780.29,explore_status,exploration_complete
1780.79,frontiers,avail=0 black=0
1780.79,explore_status,exploration_complete
1781.29,frontiers,avail=0 black=0
1781.29,explore_status,exploration_complete
1781.80,frontiers,avail=0 black=0
1781.80,explore_status,exploration_complete
1782.29,frontiers,avail=0 black=0
1782.29,explore_status,exploration_complete
1782.79,frontiers,avail=0 black=0
1782.79,explore_status,exploration_complete
1783.29,frontiers,avail=0 black=0
1783.29,explore_status,exploration_complete
1783.79,frontiers,avail=0 black=0
1783.79,explore_status,exploration_complete
1784.29,frontiers,avail=0 black=0
1784.29,explore_status,exploration_complete
1784.79,frontiers,avail=0 black=0
1784.79,explore_status,exploration_complete
1785.29,frontiers,avail=0 black=0
1785.29,explore_status,exploration_complete
1785.79,frontiers,avail=0 black=0
1785.79,explore_status,exploration_complete
1786.29,frontiers,avail=0 black=0
1786.29,explore_status,exploration_complete
1786.79,frontiers,avail=0 black=0
1786.79,explore_status,exploration_complete
1787.29,frontiers,avail=0 black=0
1787.29,explore_status,exploration_complete
1787.79,frontiers,avail=0 black=0
1787.79,explore_status,exploration_complete
1788.29,frontiers,avail=0 black=0
1788.29,explore_status,exploration_complete
1788.79,frontiers,avail=0 black=0
1788.79,explore_status,exploration_complete
1789.29,frontiers,avail=0 black=0
1789.29,explore_status,exploration_complete
1789.79,frontiers,avail=0 black=0
1789.79,explore_status,exploration_complete
1790.29,frontiers,avail=0 black=0
1790.29,explore_status,exploration_complete
1790.79,frontiers,avail=0 black=0
1790.80,explore_status,exploration_complete
1791.29,frontiers,avail=0 black=0
1791.29,explore_status,exploration_complete
1791.79,frontiers,avail=0 black=0
1791.79,explore_status,exploration_complete
1792.29,frontiers,avail=0 black=0
1792.29,explore_status,exploration_complete
1792.79,frontiers,avail=0 black=0
1792.79,explore_status,exploration_complete
1793.29,frontiers,avail=0 black=0
1793.29,explore_status,exploration_complete
1793.79,frontiers,avail=0 black=0
1793.79,explore_status,exploration_complete
1794.29,frontiers,avail=0 black=0
1794.29,explore_status,exploration_complete
1794.79,frontiers,avail=0 black=0
1794.79,explore_status,exploration_complete
1795.29,frontiers,avail=0 black=0
1795.29,explore_status,exploration_complete
1795.79,frontiers,avail=0 black=0
1795.79,explore_status,exploration_complete
1796.29,frontiers,avail=0 black=0
1796.29,explore_status,exploration_complete
1796.79,frontiers,avail=0 black=0
1796.79,explore_status,exploration_complete
1797.29,frontiers,avail=0 black=0
1797.29,explore_status,exploration_complete
1797.79,frontiers,avail=0 black=0
1797.79,explore_status,exploration_complete
1798.29,frontiers,avail=0 black=0
1798.29,explore_status,exploration_complete
1798.79,frontiers,avail=0 black=0
1798.79,explore_status,exploration_complete
1799.29,frontiers,avail=0 black=0
1799.29,explore_status,exploration_complete
1799.79,frontiers,avail=0 black=0
1799.79,explore_status,exploration_complete
1800.29,frontiers,avail=0 black=0
1800.29,explore_status,exploration_complete
1800.79,frontiers,avail=0 black=0
1800.79,explore_status,exploration_complete
1801.29,frontiers,avail=0 black=0
1801.29,explore_status,exploration_complete
1801.79,frontiers,avail=0 black=0
1801.79,explore_status,exploration_complete
1802.29,frontiers,avail=0 black=0
1802.29,explore_status,exploration_complete
1802.79,frontiers,avail=0 black=0
1802.79,explore_status,exploration_complete
1803.29,frontiers,avail=0 black=0
1803.29,explore_status,exploration_complete
1803.79,frontiers,avail=0 black=0
1803.79,explore_status,exploration_complete
1804.29,frontiers,avail=0 black=0
1804.29,explore_status,exploration_complete
1804.79,frontiers,avail=0 black=0
1804.79,explore_status,exploration_complete
1805.29,frontiers,avail=0 black=0
1805.29,explore_status,exploration_complete
1805.79,frontiers,avail=0 black=0
1805.79,explore_status,exploration_complete
1806.29,frontiers,avail=0 black=0
1806.29,explore_status,exploration_complete
1806.79,frontiers,avail=0 black=0
1806.79,explore_status,exploration_complete
1807.29,frontiers,avail=0 black=0
1807.29,explore_status,exploration_complete
1807.79,frontiers,avail=0 black=0
1807.79,explore_status,exploration_complete
1808.29,frontiers,avail=0 black=0
1808.29,explore_status,exploration_complete
1808.79,frontiers,avail=0 black=0
1808.79,explore_status,exploration_complete
1809.30,frontiers,avail=0 black=0
1809.30,explore_status,exploration_complete
1809.80,frontiers,avail=0 black=0
1809.80,explore_status,exploration_complete
1810.30,frontiers,avail=0 black=0
1810.30,explore_status,exploration_complete
1810.80,frontiers,avail=0 black=0
1810.80,explore_status,exploration_complete
1811.30,frontiers,avail=0 black=0
1811.30,explore_status,exploration_complete
1811.80,frontiers,avail=0 black=0
1811.80,explore_status,exploration_complete
1812.30,frontiers,avail=0 black=0
1812.30,explore_status,exploration_complete
1812.80,frontiers,avail=0 black=0
1812.80,explore_status,exploration_complete
1813.30,frontiers,avail=0 black=0
1813.30,explore_status,exploration_complete
1813.80,frontiers,avail=0 black=0
1813.80,explore_status,exploration_complete
1814.30,frontiers,avail=0 black=0
1814.30,explore_status,exploration_complete
1814.80,frontiers,avail=0 black=0
1814.80,explore_status,exploration_complete
1815.30,frontiers,avail=0 black=0
1815.30,explore_status,exploration_complete
1815.80,frontiers,avail=0 black=0
1815.80,explore_status,exploration_complete
1816.30,frontiers,avail=0 black=0
1816.30,explore_status,exploration_complete
1816.80,frontiers,avail=0 black=0
1816.80,explore_status,exploration_complete
1817.30,frontiers,avail=0 black=0
1817.30,explore_status,exploration_complete
1817.80,frontiers,avail=0 black=0
1817.80,explore_status,exploration_complete
1818.30,frontiers,avail=0 black=0
1818.31,explore_status,exploration_complete
1818.80,frontiers,avail=0 black=0
1818.81,explore_status,exploration_complete
1819.30,frontiers,avail=0 black=0
1819.30,explore_status,exploration_complete
1819.80,frontiers,avail=0 black=0
1819.80,explore_status,exploration_complete
1820.30,frontiers,avail=0 black=0
1820.30,explore_status,exploration_complete
1820.80,frontiers,avail=0 black=0
1820.80,explore_status,exploration_complete
1821.30,frontiers,avail=0 black=0
1821.30,explore_status,exploration_complete
1821.80,frontiers,avail=0 black=0
1821.80,explore_status,exploration_complete
1822.30,frontiers,avail=0 black=0
1822.30,explore_status,exploration_complete
1822.80,frontiers,avail=0 black=0
1822.80,explore_status,exploration_complete
1823.30,frontiers,avail=0 black=0
1823.31,explore_status,exploration_complete
1823.80,frontiers,avail=0 black=0
1823.80,explore_status,exploration_complete
1824.30,frontiers,avail=0 black=0
1824.31,explore_status,exploration_complete
1824.80,frontiers,avail=0 black=0
1824.80,explore_status,exploration_complete
1825.31,frontiers,avail=0 black=0
1825.31,explore_status,exploration_complete
1825.80,frontiers,avail=0 black=0
1825.80,explore_status,exploration_complete
1826.31,frontiers,avail=0 black=0
1826.31,explore_status,exploration_complete
1826.81,frontiers,avail=0 black=0
1826.81,explore_status,exploration_complete
1827.31,frontiers,avail=0 black=0
1827.31,explore_status,exploration_complete
1827.81,frontiers,avail=0 black=0
1827.81,explore_status,exploration_complete
1828.31,frontiers,avail=0 black=0
1828.31,explore_status,exploration_complete
1828.81,frontiers,avail=0 black=0
1828.81,explore_status,exploration_complete
1829.31,frontiers,avail=0 black=0
1829.31,explore_status,exploration_complete
1829.81,frontiers,avail=0 black=0
1829.81,explore_status,exploration_complete
1830.31,frontiers,avail=0 black=0
1830.31,explore_status,exploration_complete
1830.81,frontiers,avail=0 black=0
1830.81,explore_status,exploration_complete
1831.31,frontiers,avail=0 black=0
1831.31,explore_status,exploration_complete
1831.81,frontiers,avail=0 black=0
1831.81,explore_status,exploration_complete
1832.31,frontiers,avail=0 black=0
1832.31,explore_status,exploration_complete
1832.81,frontiers,avail=0 black=0
1832.81,explore_status,exploration_complete
1833.31,frontiers,avail=0 black=0
1833.31,explore_status,exploration_complete
1833.81,frontiers,avail=0 black=0
1833.81,explore_status,exploration_complete
1834.31,frontiers,avail=0 black=0
1834.31,explore_status,exploration_complete
1834.81,frontiers,avail=0 black=0
1834.81,explore_status,exploration_complete
1835.31,frontiers,avail=0 black=0
1835.31,explore_status,exploration_complete
1835.81,frontiers,avail=0 black=0
1835.81,explore_status,exploration_complete
1836.31,frontiers,avail=0 black=0
1836.31,explore_status,exploration_complete
1836.81,frontiers,avail=0 black=0
1836.81,explore_status,exploration_complete
1837.31,frontiers,avail=0 black=0
1837.31,explore_status,exploration_complete
1837.81,frontiers,avail=0 black=0
1837.81,explore_status,exploration_complete
1838.31,frontiers,avail=0 black=0
1838.31,explore_status,exploration_complete
1838.81,frontiers,avail=0 black=0
1838.81,explore_status,exploration_complete
1839.31,frontiers,avail=0 black=0
1839.31,explore_status,exploration_complete
1839.81,frontiers,avail=0 black=0
1839.81,explore_status,exploration_complete
1840.31,frontiers,avail=0 black=0
1840.31,explore_status,exploration_complete
1840.81,frontiers,avail=0 black=0
1840.81,explore_status,exploration_complete
1841.31,frontiers,avail=0 black=0
1841.31,explore_status,exploration_complete
1841.81,frontiers,avail=0 black=0
1841.81,explore_status,exploration_complete
1842.31,frontiers,avail=0 black=0
1842.31,explore_status,exploration_complete
1842.81,frontiers,avail=0 black=0
1842.81,explore_status,exploration_complete
1843.31,frontiers,avail=0 black=0
1843.31,explore_status,exploration_complete
1843.81,frontiers,avail=0 black=0
1843.81,explore_status,exploration_complete
1844.31,frontiers,avail=0 black=0
1844.31,explore_status,exploration_complete
1844.81,frontiers,avail=0 black=0
1844.81,explore_status,exploration_complete
1845.31,frontiers,avail=0 black=0
1845.31,explore_status,exploration_complete
1845.81,frontiers,avail=0 black=0
1845.81,explore_status,exploration_complete
1846.31,frontiers,avail=0 black=0
1846.31,explore_status,exploration_complete
1846.81,frontiers,avail=0 black=0
1846.81,explore_status,exploration_complete
1847.31,frontiers,avail=0 black=0
1847.31,explore_status,exploration_complete
1847.81,frontiers,avail=0 black=0
1847.81,explore_status,exploration_complete
1848.31,frontiers,avail=0 black=0
1848.31,explore_status,exploration_complete
1848.81,frontiers,avail=0 black=0
1848.81,explore_status,exploration_complete
1849.31,frontiers,avail=0 black=0
1849.31,explore_status,exploration_complete
1849.81,frontiers,avail=0 black=0
1849.81,explore_status,exploration_complete
1850.31,frontiers,avail=0 black=0
1850.31,explore_status,exploration_complete
1850.81,frontiers,avail=0 black=0
1850.81,explore_status,exploration_complete
1851.31,frontiers,avail=0 black=0
1851.31,explore_status,exploration_complete
1851.81,frontiers,avail=0 black=0
1851.81,explore_status,exploration_complete
1852.31,frontiers,avail=0 black=0
1852.31,explore_status,exploration_complete
1852.81,frontiers,avail=0 black=0
1852.81,explore_status,exploration_complete
1853.31,frontiers,avail=0 black=0
1853.31,explore_status,exploration_complete
1853.81,frontiers,avail=0 black=0
1853.81,explore_status,exploration_complete
1854.31,frontiers,avail=0 black=0
1854.31,explore_status,exploration_complete
1854.81,frontiers,avail=0 black=0
1854.81,explore_status,exploration_complete
1855.31,frontiers,avail=0 black=0
1855.31,explore_status,exploration_complete
1855.81,frontiers,avail=0 black=0
1855.81,explore_status,exploration_complete
1856.31,frontiers,avail=0 black=0
1856.31,explore_status,exploration_complete
1856.81,frontiers,avail=0 black=0
1856.81,explore_status,exploration_complete
1857.31,frontiers,avail=0 black=0
1857.31,explore_status,exploration_complete
1857.81,frontiers,avail=0 black=0
1857.81,explore_status,exploration_complete
1858.31,frontiers,avail=0 black=0
1858.31,explore_status,exploration_complete
1858.81,frontiers,avail=0 black=0
1858.81,explore_status,exploration_complete
1859.31,frontiers,avail=0 black=0
1859.31,explore_status,exploration_complete
1859.81,frontiers,avail=0 black=0
1859.81,explore_status,exploration_complete
1860.31,frontiers,avail=0 black=0
1860.31,explore_status,exploration_complete
1860.81,frontiers,avail=0 black=0
1860.81,explore_status,exploration_complete
1861.31,frontiers,avail=0 black=0
1861.31,explore_status,exploration_complete
1861.81,frontiers,avail=0 black=0
1861.81,explore_status,exploration_complete
1862.31,frontiers,avail=0 black=0
1862.31,explore_status,exploration_complete
1862.81,frontiers,avail=0 black=0
1862.81,explore_status,exploration_complete
1863.31,frontiers,avail=0 black=0
1863.31,explore_status,exploration_complete
1863.81,frontiers,avail=0 black=0
1863.81,explore_status,exploration_complete
1864.31,frontiers,avail=0 black=0
1864.31,explore_status,exploration_complete
1864.81,frontiers,avail=0 black=0
1864.81,explore_status,exploration_complete
1865.31,frontiers,avail=0 black=0
1865.31,explore_status,exploration_complete
1865.81,frontiers,avail=0 black=0
1865.81,explore_status,exploration_complete
1866.31,frontiers,avail=0 black=0
1866.31,explore_status,exploration_complete
1866.81,frontiers,avail=0 black=0
1866.81,explore_status,exploration_complete
1867.31,frontiers,avail=0 black=0
1867.31,explore_status,exploration_complete
1867.81,frontiers,avail=0 black=0
1867.81,explore_status,exploration_complete
1868.31,frontiers,avail=0 black=0
1868.31,explore_status,exploration_complete
1868.81,frontiers,avail=0 black=0
1868.81,explore_status,exploration_complete
1869.31,frontiers,avail=0 black=0
1869.31,explore_status,exploration_complete
1869.81,frontiers,avail=0 black=0
1869.81,explore_status,exploration_complete
1870.31,frontiers,avail=0 black=0
1870.31,explore_status,exploration_complete
1870.81,frontiers,avail=0 black=0
1870.81,explore_status,exploration_complete
1871.31,frontiers,avail=0 black=0
1871.31,explore_status,exploration_complete
1871.81,frontiers,avail=0 black=0
1871.81,explore_status,exploration_complete
1872.31,frontiers,avail=0 black=0
1872.31,explore_status,exploration_complete
1872.81,frontiers,avail=0 black=0
1872.81,explore_status,exploration_complete
1873.31,frontiers,avail=0 black=0
1873.31,explore_status,exploration_complete
1873.81,frontiers,avail=0 black=0
1873.81,explore_status,exploration_complete
1874.31,frontiers,avail=0 black=0
1874.31,explore_status,exploration_complete
1874.81,frontiers,avail=0 black=0
1874.81,explore_status,exploration_complete
1875.31,frontiers,avail=0 black=0
1875.31,explore_status,exploration_complete
1875.81,frontiers,avail=0 black=0
1875.81,explore_status,exploration_complete
1876.31,frontiers,avail=0 black=0
1876.31,explore_status,exploration_complete
1876.81,frontiers,avail=0 black=0
1876.81,explore_status,exploration_complete
1877.31,frontiers,avail=0 black=0
1877.31,explore_status,exploration_complete
1877.81,frontiers,avail=0 black=0
1877.81,explore_status,exploration_complete
1878.31,frontiers,avail=0 black=0
1878.31,explore_status,exploration_complete
1878.81,frontiers,avail=0 black=0
1878.81,explore_status,exploration_complete
1879.31,frontiers,avail=0 black=0
1879.31,explore_status,exploration_complete
1879.81,frontiers,avail=0 black=0
1879.81,explore_status,exploration_complete
1880.31,frontiers,avail=0 black=0
1880.31,explore_status,exploration_complete
1880.81,frontiers,avail=0 black=0
1880.81,explore_status,exploration_complete
1881.31,frontiers,avail=0 black=0
1881.31,explore_status,exploration_complete
1881.81,frontiers,avail=0 black=0
1881.81,explore_status,exploration_complete
1882.31,frontiers,avail=0 black=0
1882.31,explore_status,exploration_complete
1882.81,frontiers,avail=0 black=0
1882.81,explore_status,exploration_complete
1883.31,frontiers,avail=0 black=0
1883.31,explore_status,exploration_complete
1883.81,frontiers,avail=0 black=0
1883.81,explore_status,exploration_complete
1884.31,frontiers,avail=0 black=0
1884.31,explore_status,exploration_complete
1884.81,frontiers,avail=0 black=0
1884.81,explore_status,exploration_complete
1885.31,frontiers,avail=0 black=0
1885.31,explore_status,exploration_complete
1885.81,frontiers,avail=0 black=0
1885.81,explore_status,exploration_complete
1886.31,frontiers,avail=0 black=0
1886.31,explore_status,exploration_complete
1886.81,frontiers,avail=0 black=0
1886.81,explore_status,exploration_complete
1887.31,frontiers,avail=0 black=0
1887.31,explore_status,exploration_complete
1887.82,frontiers,avail=0 black=0
1887.82,explore_status,exploration_complete
1888.31,frontiers,avail=0 black=0
1888.31,explore_status,exploration_complete
1888.81,frontiers,avail=0 black=0
1888.81,explore_status,exploration_complete
1889.32,frontiers,avail=0 black=0
1889.32,explore_status,exploration_complete
1889.82,frontiers,avail=0 black=0
1889.82,explore_status,exploration_complete
1890.32,frontiers,avail=0 black=0
1890.32,explore_status,exploration_complete
1890.82,frontiers,avail=0 black=0
1890.82,explore_status,exploration_complete
1891.32,frontiers,avail=0 black=0
1891.32,explore_status,exploration_complete
1891.82,frontiers,avail=0 black=0
1891.82,explore_status,exploration_complete
1892.32,frontiers,avail=0 black=0
1892.32,explore_status,exploration_complete
1892.82,frontiers,avail=0 black=0
1892.82,explore_status,exploration_complete
1893.32,frontiers,avail=0 black=0
1893.32,explore_status,exploration_complete
1893.82,frontiers,avail=0 black=0
1893.82,explore_status,exploration_complete
1894.32,frontiers,avail=0 black=0
1894.32,explore_status,exploration_complete
1894.82,frontiers,avail=0 black=0
1894.82,explore_status,exploration_complete
1895.32,frontiers,avail=0 black=0
1895.32,explore_status,exploration_complete
1895.82,frontiers,avail=0 black=0
1895.82,explore_status,exploration_complete
1896.32,frontiers,avail=0 black=0
1896.32,explore_status,exploration_complete
1896.82,frontiers,avail=0 black=0
1896.82,explore_status,exploration_complete
1897.32,frontiers,avail=0 black=0
1897.32,explore_status,exploration_complete
1897.82,frontiers,avail=0 black=0
1897.82,explore_status,exploration_complete
1898.32,frontiers,avail=0 black=0
1898.32,explore_status,exploration_complete
1898.87,frontiers,avail=0 black=0
1898.87,explore_status,exploration_complete
1899.37,frontiers,avail=0 black=0
1899.37,explore_status,exploration_complete
1899.87,frontiers,avail=0 black=0
1899.87,explore_status,exploration_complete
1900.37,frontiers,avail=0 black=0
1900.37,explore_status,exploration_complete
1900.87,frontiers,avail=0 black=0
1900.87,explore_status,exploration_complete
1901.37,frontiers,avail=0 black=0
1901.37,explore_status,exploration_complete
1901.87,frontiers,avail=0 black=0
1901.87,explore_status,exploration_complete
1902.37,frontiers,avail=0 black=0
1902.37,explore_status,exploration_complete
1902.87,frontiers,avail=0 black=0
1902.87,explore_status,exploration_complete
1903.37,frontiers,avail=0 black=0
1903.37,explore_status,exploration_complete
1903.87,frontiers,avail=0 black=0
1903.87,explore_status,exploration_complete
1904.37,frontiers,avail=0 black=0
1904.37,explore_status,exploration_complete
1904.87,frontiers,avail=0 black=0
1904.87,explore_status,exploration_complete
1905.37,frontiers,avail=0 black=0
1905.37,explore_status,exploration_complete
1905.87,frontiers,avail=0 black=0
1905.87,explore_status,exploration_complete
1906.37,frontiers,avail=0 black=0
1906.37,explore_status,exploration_complete
1906.87,frontiers,avail=0 black=0
1906.87,explore_status,exploration_complete
1907.37,frontiers,avail=0 black=0
1907.37,explore_status,exploration_complete
1907.87,frontiers,avail=0 black=0
1907.87,explore_status,exploration_complete
1908.37,frontiers,avail=0 black=0
1908.37,explore_status,exploration_complete
1908.87,frontiers,avail=0 black=0
1908.87,explore_status,exploration_complete
1909.37,frontiers,avail=0 black=0
1909.37,explore_status,exploration_complete
1909.87,frontiers,avail=0 black=0
1909.87,explore_status,exploration_complete
1910.37,frontiers,avail=0 black=0
1910.37,explore_status,exploration_complete
1910.87,frontiers,avail=0 black=0
1910.87,explore_status,exploration_complete
1911.37,frontiers,avail=0 black=0
1911.37,explore_status,exploration_complete
1911.87,frontiers,avail=0 black=0
1911.87,explore_status,exploration_complete
1912.37,frontiers,avail=0 black=0
1912.37,explore_status,exploration_complete
1912.87,frontiers,avail=0 black=0
1912.87,explore_status,exploration_complete
1913.37,frontiers,avail=0 black=0
1913.37,explore_status,exploration_complete
1913.87,frontiers,avail=0 black=0
1913.87,explore_status,exploration_complete
1914.37,frontiers,avail=0 black=0
1914.37,explore_status,exploration_complete
1914.87,frontiers,avail=0 black=0
1914.87,explore_status,exploration_complete
1915.37,frontiers,avail=0 black=0
1915.37,explore_status,exploration_complete
1915.87,frontiers,avail=0 black=0
1915.87,explore_status,exploration_complete
1916.37,frontiers,avail=0 black=0
1916.37,explore_status,exploration_complete
1916.87,frontiers,avail=0 black=0
1916.87,explore_status,exploration_complete
1917.37,frontiers,avail=0 black=0
1917.37,explore_status,exploration_complete
1917.87,frontiers,avail=0 black=0
1917.87,explore_status,exploration_complete
1918.37,frontiers,avail=0 black=0
1918.37,explore_status,exploration_complete
1918.87,frontiers,avail=0 black=0
1918.87,explore_status,exploration_complete
1919.37,frontiers,avail=0 black=0
1919.37,explore_status,exploration_complete
1919.87,frontiers,avail=0 black=0
1919.87,explore_status,exploration_complete
1920.37,frontiers,avail=0 black=0
1920.37,explore_status,exploration_complete
1920.87,frontiers,avail=0 black=0
1920.87,explore_status,exploration_complete
1921.37,frontiers,avail=0 black=0
1921.37,explore_status,exploration_complete
1921.87,frontiers,avail=0 black=0
1921.87,explore_status,exploration_complete
1922.37,frontiers,avail=0 black=0
1922.37,explore_status,exploration_complete
1922.87,frontiers,avail=0 black=0
1922.87,explore_status,exploration_complete
1923.37,frontiers,avail=0 black=0
1923.37,explore_status,exploration_complete
1923.87,frontiers,avail=0 black=0
1923.87,explore_status,exploration_complete
1924.37,frontiers,avail=0 black=0
1924.37,explore_status,exploration_complete
1924.87,frontiers,avail=0 black=0
1924.87,explore_status,exploration_complete
1925.37,frontiers,avail=0 black=0
1925.37,explore_status,exploration_complete
1925.87,frontiers,avail=0 black=0
1925.87,explore_status,exploration_complete
1926.37,frontiers,avail=0 black=0
1926.37,explore_status,exploration_complete
1926.87,frontiers,avail=0 black=0
1926.87,explore_status,exploration_complete
1927.37,frontiers,avail=0 black=0
1927.37,explore_status,exploration_complete
1927.87,frontiers,avail=0 black=0
1927.87,explore_status,exploration_complete
1928.37,frontiers,avail=0 black=0
1928.37,explore_status,exploration_complete
1928.87,frontiers,avail=0 black=0
1928.87,explore_status,exploration_complete
1929.37,frontiers,avail=0 black=0
1929.37,explore_status,exploration_complete
1929.87,frontiers,avail=0 black=0
1929.87,explore_status,exploration_complete
1930.37,frontiers,avail=0 black=0
1930.37,explore_status,exploration_complete
1930.87,frontiers,avail=0 black=0
1930.87,explore_status,exploration_complete
1931.37,frontiers,avail=0 black=0
1931.37,explore_status,exploration_complete
1931.87,frontiers,avail=0 black=0
1931.87,explore_status,exploration_complete
1932.37,frontiers,avail=0 black=0
1932.37,explore_status,exploration_complete
1932.87,frontiers,avail=0 black=0
1932.87,explore_status,exploration_complete
1933.37,frontiers,avail=0 black=0
1933.37,explore_status,exploration_complete
1933.87,frontiers,avail=0 black=0
1933.87,explore_status,exploration_complete
1934.37,frontiers,avail=0 black=0
1934.37,explore_status,exploration_complete
1934.87,frontiers,avail=0 black=0
1934.87,explore_status,exploration_complete
1935.37,frontiers,avail=0 black=0
1935.37,explore_status,exploration_complete
1935.87,frontiers,avail=0 black=0
1935.87,explore_status,exploration_complete
1936.37,frontiers,avail=0 black=0
1936.37,explore_status,exploration_complete
1936.87,frontiers,avail=0 black=0
1936.87,explore_status,exploration_complete
1937.37,frontiers,avail=0 black=0
1937.37,explore_status,exploration_complete
1937.87,frontiers,avail=0 black=0
1937.87,explore_status,exploration_complete
1938.37,frontiers,avail=0 black=0
1938.37,explore_status,exploration_complete
1938.87,frontiers,avail=0 black=0
1938.87,explore_status,exploration_complete
1939.37,frontiers,avail=0 black=0
1939.37,explore_status,exploration_complete
1939.87,frontiers,avail=0 black=0
1939.87,explore_status,exploration_complete
1940.37,frontiers,avail=0 black=0
1940.37,explore_status,exploration_complete
1940.87,frontiers,avail=0 black=0
1940.87,explore_status,exploration_complete
1941.37,frontiers,avail=0 black=0
1941.37,explore_status,exploration_complete
1941.87,frontiers,avail=0 black=0
1941.87,explore_status,exploration_complete
1942.37,frontiers,avail=0 black=0
1942.37,explore_status,exploration_complete
1942.87,frontiers,avail=0 black=0
1942.87,explore_status,exploration_complete
1943.37,frontiers,avail=0 black=0
1943.37,explore_status,exploration_complete
1943.87,frontiers,avail=0 black=0
1943.87,explore_status,exploration_complete
1944.38,frontiers,avail=0 black=0
1944.38,explore_status,exploration_complete
1944.88,frontiers,avail=0 black=0
1944.88,explore_status,exploration_complete
1945.38,frontiers,avail=0 black=0
1945.38,explore_status,exploration_complete
1945.91,frontiers,avail=0 black=0
1945.91,explore_status,exploration_complete
1946.41,frontiers,avail=0 black=0
1946.41,explore_status,exploration_complete
1946.91,frontiers,avail=0 black=0
1946.91,explore_status,exploration_complete
1947.41,frontiers,avail=0 black=0
1947.41,explore_status,exploration_complete
1947.91,frontiers,avail=0 black=0
1947.91,explore_status,exploration_complete
1948.41,frontiers,avail=0 black=0
1948.41,explore_status,exploration_complete
1948.91,frontiers,avail=0 black=0
1948.91,explore_status,exploration_complete
1949.41,frontiers,avail=0 black=0
1949.41,explore_status,exploration_complete
1949.91,frontiers,avail=0 black=0
1949.91,explore_status,exploration_complete
1950.41,frontiers,avail=0 black=0
1950.41,explore_status,exploration_complete
1950.91,frontiers,avail=0 black=0
1950.91,explore_status,exploration_complete
1951.41,frontiers,avail=0 black=0
1951.41,explore_status,exploration_complete
1951.92,frontiers,avail=0 black=0
1951.92,explore_status,exploration_complete
1952.41,frontiers,avail=0 black=0
1952.41,explore_status,exploration_complete
1952.92,frontiers,avail=0 black=0
1952.92,explore_status,exploration_complete
1953.41,frontiers,avail=0 black=0
1953.42,explore_status,exploration_complete
1953.91,frontiers,avail=0 black=0
1953.91,explore_status,exploration_complete
1954.41,frontiers,avail=0 black=0
1954.42,explore_status,exploration_complete
1954.91,frontiers,avail=0 black=0
1954.92,explore_status,exploration_complete
1955.42,frontiers,avail=0 black=0
1955.42,explore_status,exploration_complete
1955.93,frontiers,avail=0 black=0
1955.93,explore_status,exploration_complete
1956.45,frontiers,avail=0 black=0
1956.45,explore_status,exploration_complete
1956.95,frontiers,avail=0 black=0
1956.95,explore_status,exploration_complete
1957.45,frontiers,avail=0 black=0
1957.45,explore_status,exploration_complete
1957.95,frontiers,avail=0 black=0
1957.95,explore_status,exploration_complete
1958.45,frontiers,avail=0 black=0
1958.45,explore_status,exploration_complete
1958.95,frontiers,avail=0 black=0
1958.95,explore_status,exploration_complete
1959.45,frontiers,avail=0 black=0
1959.45,explore_status,exploration_complete
1959.95,frontiers,avail=0 black=0
1959.95,explore_status,exploration_complete
1960.45,frontiers,avail=0 black=0
1960.45,explore_status,exploration_complete
1960.95,frontiers,avail=0 black=0
1960.95,explore_status,exploration_complete
1961.45,frontiers,avail=0 black=0
1961.45,explore_status,exploration_complete
1961.95,frontiers,avail=0 black=0
1961.95,explore_status,exploration_complete
1962.46,frontiers,avail=0 black=0
1962.46,explore_status,exploration_complete
1962.96,frontiers,avail=0 black=0
1962.96,explore_status,exploration_complete
1963.46,frontiers,avail=0 black=0
1963.46,explore_status,exploration_complete
1963.96,frontiers,avail=0 black=0
1963.96,explore_status,exploration_complete
1964.46,frontiers,avail=0 black=0
1964.46,explore_status,exploration_complete
1964.96,frontiers,avail=0 black=0
1964.97,explore_status,exploration_complete
1965.46,frontiers,avail=0 black=0
1965.46,explore_status,exploration_complete
1965.96,frontiers,avail=0 black=0
1965.96,explore_status,exploration_complete
1966.46,frontiers,avail=0 black=0
1966.46,explore_status,exploration_complete
1966.96,frontiers,avail=0 black=0
1966.96,explore_status,exploration_complete
1967.46,frontiers,avail=0 black=0
1967.46,explore_status,exploration_complete
1967.96,frontiers,avail=0 black=0
1967.96,explore_status,exploration_complete
1968.46,frontiers,avail=0 black=0
1968.46,explore_status,exploration_complete
1968.96,frontiers,avail=0 black=0
1968.96,explore_status,exploration_complete
1969.46,frontiers,avail=0 black=0
1969.46,explore_status,exploration_complete
1969.96,frontiers,avail=0 black=0
1969.96,explore_status,exploration_complete
1970.46,frontiers,avail=0 black=0
1970.46,explore_status,exploration_complete
1970.96,frontiers,avail=0 black=0
1970.96,explore_status,exploration_complete
1971.46,frontiers,avail=0 black=0
1971.46,explore_status,exploration_complete
1971.96,frontiers,avail=0 black=0
1971.96,explore_status,exploration_complete
1972.46,frontiers,avail=0 black=0
1972.46,explore_status,exploration_complete
1972.96,frontiers,avail=0 black=0
1972.96,explore_status,exploration_complete
1973.46,frontiers,avail=0 black=0
1973.46,explore_status,exploration_complete
1973.96,frontiers,avail=0 black=0
1973.96,explore_status,exploration_complete
1974.46,frontiers,avail=0 black=0
1974.46,explore_status,exploration_complete
1974.96,frontiers,avail=0 black=0
1974.96,explore_status,exploration_complete
1975.46,frontiers,avail=0 black=0
1975.46,explore_status,exploration_complete
1975.96,frontiers,avail=0 black=0
1975.96,explore_status,exploration_complete
1976.46,frontiers,avail=0 black=0
1976.46,explore_status,exploration_complete
1976.96,frontiers,avail=0 black=0
1976.96,explore_status,exploration_complete
1977.46,frontiers,avail=0 black=0
1977.46,explore_status,exploration_complete
1977.96,frontiers,avail=0 black=0
1977.96,explore_status,exploration_complete
1978.46,frontiers,avail=0 black=0
1978.46,explore_status,exploration_complete
1978.96,frontiers,avail=0 black=0
1978.96,explore_status,exploration_complete
1979.46,frontiers,avail=0 black=0
1979.46,explore_status,exploration_complete
1979.96,frontiers,avail=0 black=0
1979.96,explore_status,exploration_complete
1980.46,frontiers,avail=0 black=0
1980.46,explore_status,exploration_complete
1980.97,frontiers,avail=0 black=0
1980.97,explore_status,exploration_complete
1981.47,frontiers,avail=0 black=0
1981.47,explore_status,exploration_complete
1981.97,frontiers,avail=0 black=0
1981.97,explore_status,exploration_complete
1982.47,frontiers,avail=0 black=0
1982.47,explore_status,exploration_complete
1982.97,frontiers,avail=0 black=0
1982.97,explore_status,exploration_complete
1983.47,frontiers,avail=0 black=0
1983.47,explore_status,exploration_complete
1983.97,frontiers,avail=0 black=0
1983.97,explore_status,exploration_complete
1984.47,frontiers,avail=0 black=0
1984.47,explore_status,exploration_complete
1984.97,frontiers,avail=0 black=0
1984.97,explore_status,exploration_complete
1985.47,frontiers,avail=0 black=0
1985.47,explore_status,exploration_complete
1985.97,frontiers,avail=0 black=0
1985.97,explore_status,exploration_complete
1986.47,frontiers,avail=0 black=0
1986.47,explore_status,exploration_complete
1986.97,frontiers,avail=0 black=0
1986.97,explore_status,exploration_complete
1987.47,frontiers,avail=0 black=0
1987.47,explore_status,exploration_complete
1987.97,frontiers,avail=0 black=0
1987.97,explore_status,exploration_complete
1988.47,frontiers,avail=0 black=0
1988.47,explore_status,exploration_complete
1988.97,frontiers,avail=0 black=0
1988.97,explore_status,exploration_complete
1989.47,frontiers,avail=0 black=0
1989.47,explore_status,exploration_complete
1989.97,frontiers,avail=0 black=0
1989.97,explore_status,exploration_complete
1990.47,frontiers,avail=0 black=0
1990.47,explore_status,exploration_complete
1990.97,frontiers,avail=0 black=0
1990.97,explore_status,exploration_complete
1991.47,frontiers,avail=0 black=0
1991.47,explore_status,exploration_complete
1991.97,frontiers,avail=0 black=0
1991.97,explore_status,exploration_complete
1992.47,frontiers,avail=0 black=0
1992.47,explore_status,exploration_complete
1992.97,frontiers,avail=0 black=0
1992.97,explore_status,exploration_complete
1993.47,frontiers,avail=0 black=0
1993.47,explore_status,exploration_complete
1993.97,frontiers,avail=0 black=0
1993.97,explore_status,exploration_complete
1994.47,frontiers,avail=0 black=0
1994.47,explore_status,exploration_complete
1994.97,frontiers,avail=0 black=0
1994.97,explore_status,exploration_complete
1995.47,frontiers,avail=0 black=0
1995.47,explore_status,exploration_complete
1995.97,frontiers,avail=0 black=0
1995.97,explore_status,exploration_complete
1996.47,frontiers,avail=0 black=0
1996.47,explore_status,exploration_complete
1996.97,frontiers,avail=0 black=0
1996.97,explore_status,exploration_complete
1997.47,frontiers,avail=0 black=0
1997.47,explore_status,exploration_complete
1997.97,frontiers,avail=0 black=0
1997.97,explore_status,exploration_complete
1998.47,frontiers,avail=0 black=0
1998.47,explore_status,exploration_complete
1998.97,frontiers,avail=0 black=0
1998.97,explore_status,exploration_complete
1999.47,frontiers,avail=0 black=0
1999.47,explore_status,exploration_complete
1999.97,frontiers,avail=0 black=0
1999.97,explore_status,exploration_complete
2000.47,frontiers,avail=0 black=0
2000.47,explore_status,exploration_complete
2000.97,frontiers,avail=0 black=0
2000.97,explore_status,exploration_complete
2001.47,frontiers,avail=0 black=0
2001.47,explore_status,exploration_complete
2001.97,frontiers,avail=0 black=0
2001.97,explore_status,exploration_complete
2002.47,frontiers,avail=0 black=0
2002.47,explore_status,exploration_complete
2002.97,frontiers,avail=0 black=0
2002.97,explore_status,exploration_complete
2003.47,frontiers,avail=0 black=0
2003.47,explore_status,exploration_complete
2003.97,frontiers,avail=0 black=0
2003.97,explore_status,exploration_complete
2004.47,frontiers,avail=0 black=0
2004.47,explore_status,exploration_complete
2004.97,frontiers,avail=0 black=0
2004.97,explore_status,exploration_complete
2005.47,frontiers,avail=0 black=0
2005.47,explore_status,exploration_complete
2005.97,frontiers,avail=0 black=0
2005.97,explore_status,exploration_complete
2006.47,frontiers,avail=0 black=0
2006.47,explore_status,exploration_complete
2006.97,frontiers,avail=0 black=0
2006.97,explore_status,exploration_complete
2007.47,frontiers,avail=0 black=0
2007.47,explore_status,exploration_complete
2007.97,frontiers,avail=0 black=0
2007.97,explore_status,exploration_complete
2008.47,frontiers,avail=0 black=0
2008.47,explore_status,exploration_complete
2008.97,frontiers,avail=0 black=0
2008.97,explore_status,exploration_complete
2009.47,frontiers,avail=0 black=0
2009.47,explore_status,exploration_complete
2009.97,frontiers,avail=0 black=0
2009.97,explore_status,exploration_complete
2010.47,frontiers,avail=0 black=0
2010.47,explore_status,exploration_complete
2010.97,frontiers,avail=0 black=0
2010.97,explore_status,exploration_complete
2011.47,frontiers,avail=0 black=0
2011.47,explore_status,exploration_complete
2011.97,frontiers,avail=0 black=0
2011.97,explore_status,exploration_complete
2012.47,frontiers,avail=0 black=0
2012.47,explore_status,exploration_complete
2012.97,frontiers,avail=0 black=0
2012.97,explore_status,exploration_complete
2013.47,frontiers,avail=0 black=0
2013.47,explore_status,exploration_complete
2013.97,frontiers,avail=0 black=0
2013.97,explore_status,exploration_complete
2014.47,frontiers,avail=0 black=0
2014.47,explore_status,exploration_complete
2014.97,frontiers,avail=0 black=0
2014.97,explore_status,exploration_complete
2015.47,frontiers,avail=0 black=0
2015.47,explore_status,exploration_complete
2015.97,frontiers,avail=0 black=0
2015.97,explore_status,exploration_complete
2016.47,frontiers,avail=0 black=0
2016.47,explore_status,exploration_complete
2016.97,frontiers,avail=0 black=0
2016.97,explore_status,exploration_complete
2017.47,frontiers,avail=0 black=0
2017.47,explore_status,exploration_complete
2017.97,frontiers,avail=0 black=0
2017.97,explore_status,exploration_complete
2018.47,frontiers,avail=0 black=0
2018.47,explore_status,exploration_complete
2018.97,frontiers,avail=0 black=0
2018.97,explore_status,exploration_complete
2019.47,frontiers,avail=0 black=0
2019.47,explore_status,exploration_complete
2019.97,frontiers,avail=0 black=0
2019.97,explore_status,exploration_complete
2020.47,frontiers,avail=0 black=0
2020.47,explore_status,exploration_complete
2020.97,frontiers,avail=0 black=0
2020.97,explore_status,exploration_complete
2021.47,frontiers,avail=0 black=0
2021.47,explore_status,exploration_complete
2021.97,frontiers,avail=0 black=0
2021.97,explore_status,exploration_complete
2022.47,frontiers,avail=0 black=0
2022.47,explore_status,exploration_complete
2022.97,frontiers,avail=0 black=0
2022.97,explore_status,exploration_complete
2023.47,frontiers,avail=0 black=0
2023.47,explore_status,exploration_complete
2023.97,frontiers,avail=0 black=0
2023.97,explore_status,exploration_complete
2024.47,frontiers,avail=0 black=0
2024.47,explore_status,exploration_complete
2024.97,frontiers,avail=0 black=0
2024.97,explore_status,exploration_complete
2025.47,frontiers,avail=0 black=0
2025.47,explore_status,exploration_complete
2025.97,frontiers,avail=0 black=0
2025.97,explore_status,exploration_complete
2026.47,frontiers,avail=0 black=0
2026.47,explore_status,exploration_complete
2026.97,frontiers,avail=0 black=0
2026.97,explore_status,exploration_complete
2027.47,frontiers,avail=0 black=0
2027.47,explore_status,exploration_complete
2027.97,frontiers,avail=0 black=0
2027.97,explore_status,exploration_complete
2028.47,frontiers,avail=0 black=0
2028.47,explore_status,exploration_complete
2028.97,frontiers,avail=0 black=0
2028.97,explore_status,exploration_complete
2029.47,frontiers,avail=0 black=0
2029.47,explore_status,exploration_complete
2029.97,frontiers,avail=0 black=0
2029.97,explore_status,exploration_complete
2030.47,frontiers,avail=0 black=0
2030.47,explore_status,exploration_complete
2030.97,frontiers,avail=0 black=0
2030.97,explore_status,exploration_complete
2031.47,frontiers,avail=0 black=0
2031.47,explore_status,exploration_complete
2031.97,frontiers,avail=0 black=0
2031.97,explore_status,exploration_complete
2032.47,frontiers,avail=0 black=0
2032.47,explore_status,exploration_complete
2032.97,frontiers,avail=0 black=0
2032.97,explore_status,exploration_complete
2033.47,frontiers,avail=0 black=0
2033.47,explore_status,exploration_complete
2033.97,frontiers,avail=0 black=0
2033.97,explore_status,exploration_complete
2034.47,frontiers,avail=0 black=0
2034.47,explore_status,exploration_complete
2034.97,frontiers,avail=0 black=0
2034.97,explore_status,exploration_complete
2035.47,frontiers,avail=0 black=0
2035.47,explore_status,exploration_complete
2035.97,frontiers,avail=0 black=0
2035.97,explore_status,exploration_complete
2036.47,frontiers,avail=0 black=0
2036.47,explore_status,exploration_complete
2036.97,frontiers,avail=0 black=0
2036.97,explore_status,exploration_complete
2037.47,frontiers,avail=0 black=0
2037.47,explore_status,exploration_complete
2037.97,frontiers,avail=0 black=0
2037.97,explore_status,exploration_complete
2038.47,frontiers,avail=0 black=0
2038.47,explore_status,exploration_complete
2038.97,frontiers,avail=0 black=0
2038.97,explore_status,exploration_complete
2039.47,frontiers,avail=0 black=0
2039.47,explore_status,exploration_complete
2039.97,frontiers,avail=0 black=0
2039.97,explore_status,exploration_complete
2040.47,frontiers,avail=0 black=0
2040.47,explore_status,exploration_complete
2040.97,frontiers,avail=0 black=0
2040.97,explore_status,exploration_complete
2041.47,frontiers,avail=0 black=0
2041.47,explore_status,exploration_complete
2041.97,frontiers,avail=0 black=0
2041.97,explore_status,exploration_complete
2042.47,frontiers,avail=0 black=0
2042.47,explore_status,exploration_complete
2042.97,frontiers,avail=0 black=0
2042.97,explore_status,exploration_complete
2043.47,frontiers,avail=0 black=0
2043.47,explore_status,exploration_complete
2043.97,frontiers,avail=0 black=0
2043.97,explore_status,exploration_complete
2044.47,frontiers,avail=0 black=0
2044.47,explore_status,exploration_complete
2044.97,frontiers,avail=0 black=0
2044.97,explore_status,exploration_complete
2045.47,frontiers,avail=0 black=0
2045.47,explore_status,exploration_complete
2045.97,frontiers,avail=0 black=0
2045.97,explore_status,exploration_complete
2046.47,frontiers,avail=0 black=0
2046.47,explore_status,exploration_complete
2046.97,frontiers,avail=0 black=0
2046.97,explore_status,exploration_complete
2047.47,frontiers,avail=0 black=0
2047.47,explore_status,exploration_complete
2047.97,frontiers,avail=0 black=0
2047.97,explore_status,exploration_complete
2048.47,frontiers,avail=0 black=0
2048.47,explore_status,exploration_complete
2048.97,frontiers,avail=0 black=0
2048.97,explore_status,exploration_complete
2049.47,frontiers,avail=0 black=0
2049.47,explore_status,exploration_complete
2049.97,frontiers,avail=0 black=0
2049.97,explore_status,exploration_complete
2050.48,frontiers,avail=0 black=0
2050.48,explore_status,exploration_complete
2050.97,frontiers,avail=0 black=0
2050.98,explore_status,exploration_complete
2051.47,frontiers,avail=0 black=0
2051.47,explore_status,exploration_complete
2051.98,frontiers,avail=0 black=0
2051.98,explore_status,exploration_complete
2052.47,frontiers,avail=0 black=0
2052.47,explore_status,exploration_complete
2052.98,frontiers,avail=0 black=0
2052.98,explore_status,exploration_complete
2053.47,frontiers,avail=0 black=0
2053.47,explore_status,exploration_complete
2053.97,frontiers,avail=0 black=0
2053.97,explore_status,exploration_complete
2054.47,frontiers,avail=0 black=0
2054.48,explore_status,exploration_complete
2054.98,frontiers,avail=0 black=0
2054.98,explore_status,exploration_complete
2055.47,frontiers,avail=0 black=0
2055.47,explore_status,exploration_complete
2055.97,frontiers,avail=0 black=0
2055.98,explore_status,exploration_complete
2056.47,frontiers,avail=0 black=0
2056.47,explore_status,exploration_complete
2056.97,frontiers,avail=0 black=0
2056.98,explore_status,exploration_complete
2057.48,frontiers,avail=0 black=0
2057.48,explore_status,exploration_complete
2057.98,frontiers,avail=0 black=0
2057.98,explore_status,exploration_complete
2058.48,frontiers,avail=0 black=0
2058.48,explore_status,exploration_complete
2058.98,frontiers,avail=0 black=0
2058.98,explore_status,exploration_complete
2059.48,frontiers,avail=0 black=0
2059.48,explore_status,exploration_complete
2059.98,frontiers,avail=0 black=0
2059.98,explore_status,exploration_complete
2060.48,frontiers,avail=0 black=0
2060.48,explore_status,exploration_complete
2060.98,frontiers,avail=0 black=0
2060.98,explore_status,exploration_complete
2061.48,frontiers,avail=0 black=0
2061.48,explore_status,exploration_complete
2061.98,frontiers,avail=0 black=0
2061.98,explore_status,exploration_complete
2062.48,frontiers,avail=0 black=0
2062.48,explore_status,exploration_complete
2062.98,frontiers,avail=0 black=0
2062.98,explore_status,exploration_complete
2063.48,frontiers,avail=0 black=0
2063.48,explore_status,exploration_complete
2063.98,frontiers,avail=0 black=0
2063.98,explore_status,exploration_complete
2064.48,frontiers,avail=0 black=0
2064.48,explore_status,exploration_complete
2064.98,frontiers,avail=0 black=0
2064.98,explore_status,exploration_complete
2065.48,frontiers,avail=0 black=0
2065.48,explore_status,exploration_complete
2065.98,frontiers,avail=0 black=0
2065.98,explore_status,exploration_complete
2066.48,frontiers,avail=0 black=0
2066.48,explore_status,exploration_complete
2066.98,frontiers,avail=0 black=0
2066.98,explore_status,exploration_complete
2067.48,frontiers,avail=0 black=0
2067.48,explore_status,exploration_complete
2067.98,frontiers,avail=0 black=0
2067.98,explore_status,exploration_complete
2068.48,frontiers,avail=0 black=0
2068.48,explore_status,exploration_complete
2068.98,frontiers,avail=0 black=0
2068.98,explore_status,exploration_complete
2069.48,frontiers,avail=0 black=0
2069.48,explore_status,exploration_complete
2069.98,frontiers,avail=0 black=0
2069.98,explore_status,exploration_complete
2070.48,frontiers,avail=0 black=0
2070.48,explore_status,exploration_complete
2070.98,frontiers,avail=0 black=0
2070.98,explore_status,exploration_complete
2071.48,frontiers,avail=0 black=0
2071.48,explore_status,exploration_complete
2071.98,frontiers,avail=0 black=0
2071.98,explore_status,exploration_complete
2072.48,frontiers,avail=0 black=0
2072.48,explore_status,exploration_complete
2072.98,frontiers,avail=0 black=0
2072.98,explore_status,exploration_complete
2073.48,frontiers,avail=0 black=0
2073.48,explore_status,exploration_complete
2073.98,frontiers,avail=0 black=0
2073.98,explore_status,exploration_complete
2074.48,frontiers,avail=0 black=0
2074.48,explore_status,exploration_complete
2074.98,frontiers,avail=0 black=0
2074.98,explore_status,exploration_complete
2075.48,frontiers,avail=0 black=0
2075.48,explore_status,exploration_complete
2075.98,frontiers,avail=0 black=0
2075.98,explore_status,exploration_complete
2076.48,frontiers,avail=0 black=0
2076.48,explore_status,exploration_complete
2076.98,frontiers,avail=0 black=0
2076.98,explore_status,exploration_complete
2077.48,frontiers,avail=0 black=0
2077.48,explore_status,exploration_complete
2077.98,frontiers,avail=0 black=0
2077.98,explore_status,exploration_complete
2078.48,frontiers,avail=0 black=0
2078.48,explore_status,exploration_complete
2078.98,frontiers,avail=0 black=0
2078.98,explore_status,exploration_complete
2079.48,frontiers,avail=0 black=0
2079.48,explore_status,exploration_complete
2079.98,frontiers,avail=0 black=0
2079.98,explore_status,exploration_complete
2080.48,frontiers,avail=0 black=0
2080.48,explore_status,exploration_complete
2080.98,frontiers,avail=0 black=0
2080.98,explore_status,exploration_complete
2081.48,frontiers,avail=0 black=0
2081.48,explore_status,exploration_complete
2081.98,frontiers,avail=0 black=0
2081.98,explore_status,exploration_complete
2082.48,frontiers,avail=0 black=0
2082.48,explore_status,exploration_complete
2082.98,frontiers,avail=0 black=0
2082.98,explore_status,exploration_complete
2083.48,frontiers,avail=0 black=0
2083.48,explore_status,exploration_complete
2083.98,frontiers,avail=0 black=0
2083.98,explore_status,exploration_complete
2084.48,frontiers,avail=0 black=0
2084.48,explore_status,exploration_complete
2084.98,frontiers,avail=0 black=0
2084.98,explore_status,exploration_complete
2085.48,frontiers,avail=0 black=0
2085.48,explore_status,exploration_complete
2085.98,frontiers,avail=0 black=0
2085.98,explore_status,exploration_complete
2086.48,frontiers,avail=0 black=0
2086.48,explore_status,exploration_complete
2086.98,frontiers,avail=0 black=0
2086.98,explore_status,exploration_complete
2087.48,frontiers,avail=0 black=0
2087.48,explore_status,exploration_complete
2087.98,frontiers,avail=0 black=0
2087.98,explore_status,exploration_complete
2088.48,frontiers,avail=0 black=0
2088.48,explore_status,exploration_complete
2088.99,frontiers,avail=0 black=0
2088.99,explore_status,exploration_complete
2089.49,frontiers,avail=0 black=0
2089.49,explore_status,exploration_complete
2089.99,frontiers,avail=0 black=0
2089.99,explore_status,exploration_complete
2090.49,frontiers,avail=0 black=0
2090.49,explore_status,exploration_complete
2090.99,frontiers,avail=0 black=0
2090.99,explore_status,exploration_complete
2091.49,frontiers,avail=0 black=0
2091.49,explore_status,exploration_complete
2091.99,frontiers,avail=0 black=0
2091.99,explore_status,exploration_complete
2092.49,frontiers,avail=0 black=0
2092.49,explore_status,exploration_complete
2092.99,frontiers,avail=0 black=0
2092.99,explore_status,exploration_complete
2093.49,frontiers,avail=0 black=0
2093.49,explore_status,exploration_complete
2093.99,frontiers,avail=0 black=0
2093.99,explore_status,exploration_complete
2094.49,frontiers,avail=0 black=0
2094.49,explore_status,exploration_complete
2094.99,frontiers,avail=0 black=0
2094.99,explore_status,exploration_complete
2095.49,frontiers,avail=0 black=0
2095.49,explore_status,exploration_complete
2095.99,frontiers,avail=0 black=0
2095.99,explore_status,exploration_complete
2096.49,frontiers,avail=0 black=0
2096.49,explore_status,exploration_complete
2096.99,frontiers,avail=0 black=0
2096.99,explore_status,exploration_complete
2097.49,frontiers,avail=0 black=0
2097.49,explore_status,exploration_complete
2097.99,frontiers,avail=0 black=0
2097.99,explore_status,exploration_complete
2098.48,frontiers,avail=0 black=0
2098.49,explore_status,exploration_complete
2098.98,frontiers,avail=0 black=0
2098.99,explore_status,exploration_complete
2099.49,frontiers,avail=0 black=0
2099.49,explore_status,exploration_complete
2099.99,frontiers,avail=0 black=0
2099.99,explore_status,exploration_complete
2100.49,frontiers,avail=0 black=0
2100.49,explore_status,exploration_complete
2100.99,frontiers,avail=0 black=0
2100.99,explore_status,exploration_complete
2101.49,frontiers,avail=0 black=0
2101.49,explore_status,exploration_complete
2101.99,frontiers,avail=0 black=0
2101.99,explore_status,exploration_complete
2102.49,frontiers,avail=0 black=0
2102.49,explore_status,exploration_complete
2102.99,frontiers,avail=0 black=0
2102.99,explore_status,exploration_complete
2103.49,frontiers,avail=0 black=0
2103.49,explore_status,exploration_complete
2103.99,frontiers,avail=0 black=0
2103.99,explore_status,exploration_complete
2104.49,frontiers,avail=0 black=0
2104.49,explore_status,exploration_complete
2104.99,frontiers,avail=0 black=0
2104.99,explore_status,exploration_complete
2105.49,frontiers,avail=0 black=0
2105.49,explore_status,exploration_complete
2105.99,frontiers,avail=0 black=0
2105.99,explore_status,exploration_complete
2106.49,frontiers,avail=0 black=0
2106.49,explore_status,exploration_complete
2106.99,frontiers,avail=0 black=0
2106.99,explore_status,exploration_complete
2107.49,frontiers,avail=0 black=0
2107.49,explore_status,exploration_complete
2107.99,frontiers,avail=0 black=0
2107.99,explore_status,exploration_complete
2108.49,frontiers,avail=0 black=0
2108.49,explore_status,exploration_complete
2108.99,frontiers,avail=0 black=0
2108.99,explore_status,exploration_complete
2109.49,frontiers,avail=0 black=0
2109.49,explore_status,exploration_complete
2109.99,frontiers,avail=0 black=0
2109.99,explore_status,exploration_complete
2110.49,frontiers,avail=0 black=0
2110.49,explore_status,exploration_complete
2110.99,frontiers,avail=0 black=0
2110.99,explore_status,exploration_complete
2111.49,frontiers,avail=0 black=0
2111.49,explore_status,exploration_complete
2111.99,frontiers,avail=0 black=0
2111.99,explore_status,exploration_complete
2112.49,frontiers,avail=0 black=0
2112.49,explore_status,exploration_complete
2112.99,frontiers,avail=0 black=0
2112.99,explore_status,exploration_complete
2113.49,frontiers,avail=0 black=0
2113.49,explore_status,exploration_complete
2113.99,frontiers,avail=0 black=0
2113.99,explore_status,exploration_complete
2114.49,frontiers,avail=0 black=0
2114.49,explore_status,exploration_complete
2114.99,frontiers,avail=0 black=0
2114.99,explore_status,exploration_complete
2115.49,frontiers,avail=0 black=0
2115.49,explore_status,exploration_complete
2115.99,frontiers,avail=0 black=0
2115.99,explore_status,exploration_complete
2116.49,frontiers,avail=0 black=0
2116.49,explore_status,exploration_complete
2116.99,frontiers,avail=0 black=0
2116.99,explore_status,exploration_complete
2117.49,frontiers,avail=0 black=0
2117.49,explore_status,exploration_complete
2117.99,frontiers,avail=0 black=0
2117.99,explore_status,exploration_complete
2118.49,frontiers,avail=0 black=0
2118.49,explore_status,exploration_complete
2118.99,frontiers,avail=0 black=0
2118.99,explore_status,exploration_complete
2119.49,frontiers,avail=0 black=0
2119.49,explore_status,exploration_complete
2119.99,frontiers,avail=0 black=0
2119.99,explore_status,exploration_complete
2120.49,frontiers,avail=0 black=0
2120.49,explore_status,exploration_complete
2120.99,frontiers,avail=0 black=0
2120.99,explore_status,exploration_complete
2121.49,frontiers,avail=0 black=0
2121.49,explore_status,exploration_complete
2121.99,frontiers,avail=0 black=0
2121.99,explore_status,exploration_complete
2122.49,frontiers,avail=0 black=0
2122.49,explore_status,exploration_complete
2122.99,frontiers,avail=0 black=0
2122.99,explore_status,exploration_complete
2123.49,frontiers,avail=0 black=0
2123.49,explore_status,exploration_complete
2123.99,frontiers,avail=0 black=0
2123.99,explore_status,exploration_complete
2124.49,frontiers,avail=0 black=0
2124.49,explore_status,exploration_complete
2124.99,frontiers,avail=0 black=0
2124.99,explore_status,exploration_complete
2125.49,frontiers,avail=0 black=0
2125.49,explore_status,exploration_complete
2125.99,frontiers,avail=0 black=0
2125.99,explore_status,exploration_complete
2126.49,frontiers,avail=0 black=0
2126.49,explore_status,exploration_complete
2126.99,frontiers,avail=0 black=0
2126.99,explore_status,exploration_complete
2127.49,frontiers,avail=0 black=0
2127.49,explore_status,exploration_complete
2127.99,frontiers,avail=0 black=0
2127.99,explore_status,exploration_complete
2128.49,frontiers,avail=0 black=0
2128.49,explore_status,exploration_complete
2128.99,frontiers,avail=0 black=0
2128.99,explore_status,exploration_complete
2129.49,frontiers,avail=0 black=0
2129.49,explore_status,exploration_complete
2129.99,frontiers,avail=0 black=0
2129.99,explore_status,exploration_complete
2130.49,frontiers,avail=0 black=0
2130.49,explore_status,exploration_complete
2130.99,frontiers,avail=0 black=0
2130.99,explore_status,exploration_complete
2131.49,frontiers,avail=0 black=0
2131.49,explore_status,exploration_complete
2131.99,frontiers,avail=0 black=0
2131.99,explore_status,exploration_complete
2132.49,frontiers,avail=0 black=0
2132.49,explore_status,exploration_complete
2132.99,frontiers,avail=0 black=0
2132.99,explore_status,exploration_complete
2133.49,frontiers,avail=0 black=0
2133.49,explore_status,exploration_complete
2133.99,frontiers,avail=0 black=0
2133.99,explore_status,exploration_complete
2134.49,frontiers,avail=0 black=0
2134.49,explore_status,exploration_complete
2134.99,frontiers,avail=0 black=0
2134.99,explore_status,exploration_complete
2135.49,frontiers,avail=0 black=0
2135.49,explore_status,exploration_complete
2135.99,frontiers,avail=0 black=0
2135.99,explore_status,exploration_complete
2136.49,frontiers,avail=0 black=0
2136.49,explore_status,exploration_complete
2136.99,frontiers,avail=0 black=0
2136.99,explore_status,exploration_complete
2137.49,frontiers,avail=0 black=0
2137.49,explore_status,exploration_complete
2137.99,frontiers,avail=0 black=0
2137.99,explore_status,exploration_complete
2138.49,frontiers,avail=0 black=0
2138.49,explore_status,exploration_complete
2138.99,frontiers,avail=0 black=0
2138.99,explore_status,exploration_complete
2139.49,frontiers,avail=0 black=0
2139.49,explore_status,exploration_complete
2140.00,frontiers,avail=0 black=0
2140.00,explore_status,exploration_complete
2140.49,frontiers,avail=0 black=0
2140.49,explore_status,exploration_complete
2140.99,frontiers,avail=0 black=0
2140.99,explore_status,exploration_complete
2141.49,frontiers,avail=0 black=0
2141.49,explore_status,exploration_complete
2141.99,frontiers,avail=0 black=0
2141.99,explore_status,exploration_complete
2142.49,frontiers,avail=0 black=0
2142.49,explore_status,exploration_complete
2142.99,frontiers,avail=0 black=0
2142.99,explore_status,exploration_complete
2143.49,frontiers,avail=0 black=0
2143.49,explore_status,exploration_complete
2143.99,frontiers,avail=0 black=0
2143.99,explore_status,exploration_complete
2144.49,frontiers,avail=0 black=0
2144.49,explore_status,exploration_complete
2144.99,frontiers,avail=0 black=0
2144.99,explore_status,exploration_complete
2145.49,frontiers,avail=0 black=0
2145.49,explore_status,exploration_complete
2145.99,frontiers,avail=0 black=0
2145.99,explore_status,exploration_complete
2146.49,frontiers,avail=0 black=0
2146.49,explore_status,exploration_complete
2146.99,frontiers,avail=0 black=0
2146.99,explore_status,exploration_complete
2147.49,frontiers,avail=0 black=0
2147.49,explore_status,exploration_complete
2147.99,frontiers,avail=0 black=0
2147.99,explore_status,exploration_complete
2148.49,frontiers,avail=0 black=0
2148.49,explore_status,exploration_complete
2148.99,frontiers,avail=0 black=0
2148.99,explore_status,exploration_complete
2149.49,frontiers,avail=0 black=0
2149.49,explore_status,exploration_complete
2149.99,frontiers,avail=0 black=0
2149.99,explore_status,exploration_complete
2150.49,frontiers,avail=0 black=0
2150.49,explore_status,exploration_complete
2150.99,frontiers,avail=0 black=0
2150.99,explore_status,exploration_complete
2151.49,frontiers,avail=0 black=0
2151.49,explore_status,exploration_complete
2151.99,frontiers,avail=0 black=0
2151.99,explore_status,exploration_complete
2152.49,frontiers,avail=0 black=0
2152.49,explore_status,exploration_complete
2152.99,frontiers,avail=0 black=0
2152.99,explore_status,exploration_complete
2153.49,frontiers,avail=0 black=0
2153.49,explore_status,exploration_complete
2153.99,frontiers,avail=0 black=0
2153.99,explore_status,exploration_complete
2154.49,frontiers,avail=0 black=0
2154.49,explore_status,exploration_complete
2154.99,frontiers,avail=0 black=0
2154.99,explore_status,exploration_complete
2155.49,frontiers,avail=0 black=0
2155.49,explore_status,exploration_complete
2155.99,frontiers,avail=0 black=0
2156.00,explore_status,exploration_complete
2156.50,frontiers,avail=0 black=0
2156.50,explore_status,exploration_complete
2157.00,frontiers,avail=0 black=0
2157.00,explore_status,exploration_complete
2157.49,frontiers,avail=0 black=0
2157.49,explore_status,exploration_complete
2158.00,frontiers,avail=0 black=0
2158.00,explore_status,exploration_complete
2158.50,frontiers,avail=0 black=0
2158.50,explore_status,exploration_complete
2158.99,frontiers,avail=0 black=0
2159.00,explore_status,exploration_complete
2159.49,frontiers,avail=0 black=0
2159.50,explore_status,exploration_complete
2159.99,frontiers,avail=0 black=0
2159.99,explore_status,exploration_complete
2160.49,frontiers,avail=0 black=0
2160.49,explore_status,exploration_complete
2160.99,frontiers,avail=0 black=0
2161.00,explore_status,exploration_complete
2161.50,frontiers,avail=0 black=0
2161.50,explore_status,exploration_complete
2161.99,frontiers,avail=0 black=0
2162.00,explore_status,exploration_complete
2162.49,frontiers,avail=0 black=0
2162.50,explore_status,exploration_complete
2162.99,frontiers,avail=0 black=0
2163.00,explore_status,exploration_complete
2163.50,frontiers,avail=0 black=0
2163.50,explore_status,exploration_complete
2163.99,frontiers,avail=0 black=0
2164.00,explore_status,exploration_complete
2164.49,frontiers,avail=0 black=0
2164.50,explore_status,exploration_complete
2164.99,frontiers,avail=0 black=0
2164.99,explore_status,exploration_complete
2165.49,frontiers,avail=0 black=0
2165.49,explore_status,exploration_complete
2166.00,frontiers,avail=0 black=0
2166.00,explore_status,exploration_complete
2166.49,frontiers,avail=0 black=0
2166.49,explore_status,exploration_complete
2166.99,frontiers,avail=0 black=0
2166.99,explore_status,exploration_complete
2167.49,frontiers,avail=0 black=0
2167.50,explore_status,exploration_complete
2168.00,frontiers,avail=0 black=0
2168.00,explore_status,exploration_complete
2168.49,frontiers,avail=0 black=0
2168.49,explore_status,exploration_complete
2168.99,frontiers,avail=0 black=0
2168.99,explore_status,exploration_complete
2169.50,frontiers,avail=0 black=0
2169.50,explore_status,exploration_complete
2170.00,frontiers,avail=0 black=0
2170.00,explore_status,exploration_complete
2170.50,frontiers,avail=0 black=0
2170.50,explore_status,exploration_complete
2171.00,frontiers,avail=0 black=0
2171.00,explore_status,exploration_complete
2171.50,frontiers,avail=0 black=0
2171.50,explore_status,exploration_complete
2172.00,frontiers,avail=0 black=0
2172.00,explore_status,exploration_complete
2172.50,frontiers,avail=0 black=0
2172.50,explore_status,exploration_complete
2173.00,frontiers,avail=0 black=0
2173.00,explore_status,exploration_complete
2173.50,frontiers,avail=0 black=0
2173.50,explore_status,exploration_complete
2174.00,frontiers,avail=0 black=0
2174.00,explore_status,exploration_complete
2174.51,frontiers,avail=0 black=0
2174.51,explore_status,exploration_complete
2175.01,frontiers,avail=0 black=0
2175.01,explore_status,exploration_complete
2175.51,frontiers,avail=0 black=0
2175.51,explore_status,exploration_complete
2176.01,frontiers,avail=0 black=0
2176.01,explore_status,exploration_complete
2176.51,frontiers,avail=0 black=0
2176.51,explore_status,exploration_complete
2177.01,frontiers,avail=0 black=0
2177.01,explore_status,exploration_complete
2177.51,frontiers,avail=0 black=0
2177.51,explore_status,exploration_complete
2178.01,frontiers,avail=0 black=0
2178.01,explore_status,exploration_complete
2178.51,frontiers,avail=0 black=0
2178.51,explore_status,exploration_complete
2179.01,frontiers,avail=0 black=0
2179.01,explore_status,exploration_complete
2179.51,frontiers,avail=0 black=0
2179.51,explore_status,exploration_complete
2180.01,frontiers,avail=0 black=0
2180.01,explore_status,exploration_complete
2180.51,frontiers,avail=0 black=0
2180.51,explore_status,exploration_complete
2181.02,frontiers,avail=0 black=0
2181.02,explore_status,exploration_complete
2181.53,frontiers,avail=0 black=0
2181.53,explore_status,exploration_complete
2182.03,frontiers,avail=0 black=0
2182.03,explore_status,exploration_complete
2182.53,frontiers,avail=0 black=0
2182.53,explore_status,exploration_complete
2183.03,frontiers,avail=0 black=0
2183.03,explore_status,exploration_complete
2183.53,frontiers,avail=0 black=0
2183.53,explore_status,exploration_complete
2184.03,frontiers,avail=0 black=0
2184.03,explore_status,exploration_complete
2184.53,frontiers,avail=0 black=0
2184.53,explore_status,exploration_complete
2185.03,frontiers,avail=0 black=0
2185.03,explore_status,exploration_complete
2185.53,frontiers,avail=0 black=0
2185.54,explore_status,exploration_complete
2186.03,frontiers,avail=0 black=0
2186.04,explore_status,exploration_complete
2186.53,frontiers,avail=0 black=0
2186.53,explore_status,exploration_complete
2187.03,frontiers,avail=0 black=0
2187.03,explore_status,exploration_complete
2187.53,frontiers,avail=0 black=0
2187.53,explore_status,exploration_complete
2188.05,frontiers,avail=0 black=0
2188.05,explore_status,exploration_complete
2188.55,frontiers,avail=0 black=0
2188.55,explore_status,exploration_complete
2189.05,frontiers,avail=0 black=0
2189.05,explore_status,exploration_complete
2189.56,frontiers,avail=0 black=0
2189.56,explore_status,exploration_complete
2190.06,frontiers,avail=0 black=0
2190.06,explore_status,exploration_complete
2190.56,frontiers,avail=0 black=0
2190.56,explore_status,exploration_complete
2191.06,frontiers,avail=0 black=0
2191.06,explore_status,exploration_complete
2191.56,frontiers,avail=0 black=0
2191.56,explore_status,exploration_complete
2192.06,frontiers,avail=0 black=0
2192.06,explore_status,exploration_complete
2192.56,frontiers,avail=0 black=0
2192.56,explore_status,exploration_complete
2193.06,frontiers,avail=0 black=0
2193.06,explore_status,exploration_complete
2193.56,frontiers,avail=0 black=0
2193.56,explore_status,exploration_complete
2194.06,frontiers,avail=0 black=0
2194.06,explore_status,exploration_complete
2194.56,frontiers,avail=0 black=0
2194.56,explore_status,exploration_complete
2195.06,frontiers,avail=0 black=0
2195.06,explore_status,exploration_complete
2195.56,frontiers,avail=0 black=0
2195.56,explore_status,exploration_complete
2196.06,frontiers,avail=0 black=0
2196.06,explore_status,exploration_complete
2196.56,frontiers,avail=0 black=0
2196.56,explore_status,exploration_complete
2197.06,frontiers,avail=0 black=0
2197.06,explore_status,exploration_complete
2197.56,frontiers,avail=0 black=0
2197.56,explore_status,exploration_complete
2198.06,frontiers,avail=0 black=0
2198.06,explore_status,exploration_complete
2198.56,frontiers,avail=0 black=0
2198.56,explore_status,exploration_complete
2199.06,frontiers,avail=0 black=0
2199.06,explore_status,exploration_complete
2199.56,frontiers,avail=0 black=0
2199.56,explore_status,exploration_complete
2200.06,frontiers,avail=0 black=0
2200.06,explore_status,exploration_complete
2200.56,frontiers,avail=0 black=0
2200.56,explore_status,exploration_complete
2201.06,frontiers,avail=0 black=0
2201.06,explore_status,exploration_complete
2201.56,frontiers,avail=0 black=0
2201.56,explore_status,exploration_complete
2202.06,frontiers,avail=0 black=0
2202.06,explore_status,exploration_complete
2202.56,frontiers,avail=0 black=0
2202.56,explore_status,exploration_complete
2203.06,frontiers,avail=0 black=0
2203.06,explore_status,exploration_complete
2203.56,frontiers,avail=0 black=0
2203.56,explore_status,exploration_complete
2204.06,frontiers,avail=0 black=0
2204.06,explore_status,exploration_complete
2204.56,frontiers,avail=0 black=0
2204.56,explore_status,exploration_complete
2205.06,frontiers,avail=0 black=0
2205.06,explore_status,exploration_complete
2205.56,frontiers,avail=0 black=0
2205.56,explore_status,exploration_complete
2206.06,frontiers,avail=0 black=0
2206.06,explore_status,exploration_complete
2206.56,frontiers,avail=0 black=0
2206.56,explore_status,exploration_complete
2207.06,frontiers,avail=0 black=0
2207.06,explore_status,exploration_complete
2207.56,frontiers,avail=0 black=0
2207.56,explore_status,exploration_complete
2208.06,frontiers,avail=0 black=0
2208.06,explore_status,exploration_complete
2208.56,frontiers,avail=0 black=0
2208.56,explore_status,exploration_complete
2209.06,frontiers,avail=0 black=0
2209.06,explore_status,exploration_complete
2209.56,frontiers,avail=0 black=0
2209.56,explore_status,exploration_complete
2210.06,frontiers,avail=0 black=0
2210.06,explore_status,exploration_complete
2210.56,frontiers,avail=0 black=0
2210.56,explore_status,exploration_complete
2211.06,frontiers,avail=0 black=0
2211.06,explore_status,exploration_complete
2211.56,frontiers,avail=0 black=0
2211.56,explore_status,exploration_complete
2212.06,frontiers,avail=0 black=0
2212.06,explore_status,exploration_complete
2212.56,frontiers,avail=0 black=0
2212.56,explore_status,exploration_complete
2213.06,frontiers,avail=0 black=0
2213.06,explore_status,exploration_complete
2213.56,frontiers,avail=0 black=0
2213.56,explore_status,exploration_complete
2214.06,frontiers,avail=0 black=0
2214.07,explore_status,exploration_complete
2214.56,frontiers,avail=0 black=0
2214.56,explore_status,exploration_complete
2215.07,frontiers,avail=0 black=0
2215.07,explore_status,exploration_complete
2215.56,frontiers,avail=0 black=0
2215.56,explore_status,exploration_complete
2216.06,frontiers,avail=0 black=0
2216.06,explore_status,exploration_complete
2216.57,frontiers,avail=0 black=0
2216.57,explore_status,exploration_complete
2217.06,frontiers,avail=0 black=0
2217.07,explore_status,exploration_complete
2217.57,frontiers,avail=0 black=0
2217.57,explore_status,exploration_complete
2218.06,frontiers,avail=0 black=0
2218.06,explore_status,exploration_complete
2218.57,frontiers,avail=0 black=0
2218.57,explore_status,exploration_complete
2219.07,frontiers,avail=0 black=0
2219.07,explore_status,exploration_complete
2219.56,frontiers,avail=0 black=0
2219.57,explore_status,exploration_complete
2220.06,frontiers,avail=0 black=0
2220.07,explore_status,exploration_complete
2220.56,frontiers,avail=0 black=0
2220.57,explore_status,exploration_complete
2221.07,frontiers,avail=0 black=0
2221.07,explore_status,exploration_complete
2221.57,frontiers,avail=0 black=0
2221.57,explore_status,exploration_complete
2222.06,frontiers,avail=0 black=0
2222.07,explore_status,exploration_complete
2222.56,frontiers,avail=0 black=0
2222.57,explore_status,exploration_complete
2223.06,frontiers,avail=0 black=0
2223.07,explore_status,exploration_complete
2223.56,frontiers,avail=0 black=0
2223.57,explore_status,exploration_complete
2224.06,frontiers,avail=0 black=0
2224.07,explore_status,exploration_complete
2224.56,frontiers,avail=0 black=0
2224.57,explore_status,exploration_complete
2225.06,frontiers,avail=0 black=0
2225.06,explore_status,exploration_complete
2225.56,frontiers,avail=0 black=0
2225.57,explore_status,exploration_complete
2226.06,frontiers,avail=0 black=0
2226.07,explore_status,exploration_complete
2226.56,frontiers,avail=0 black=0
2226.57,explore_status,exploration_complete
2227.06,frontiers,avail=0 black=0
2227.07,explore_status,exploration_complete
2227.57,frontiers,avail=0 black=0
2227.57,explore_status,exploration_complete
2228.06,frontiers,avail=0 black=0
2228.07,explore_status,exploration_complete
2228.57,frontiers,avail=0 black=0
2228.57,explore_status,exploration_complete
2229.06,frontiers,avail=0 black=0
2229.07,explore_status,exploration_complete
2229.56,frontiers,avail=0 black=0
2229.56,explore_status,exploration_complete
2230.06,frontiers,avail=0 black=0
2230.07,explore_status,exploration_complete
2230.57,frontiers,avail=0 black=0
2230.57,explore_status,exploration_complete
2231.07,frontiers,avail=0 black=0
2231.07,explore_status,exploration_complete
2231.56,frontiers,avail=0 black=0
2231.57,explore_status,exploration_complete
2232.06,frontiers,avail=0 black=0
2232.06,explore_status,exploration_complete
2232.57,frontiers,avail=0 black=0
2232.57,explore_status,exploration_complete
2233.06,frontiers,avail=0 black=0
2233.07,explore_status,exploration_complete
2233.56,frontiers,avail=0 black=0
2233.57,explore_status,exploration_complete
2234.06,frontiers,avail=0 black=0
2234.06,explore_status,exploration_complete
2234.56,frontiers,avail=0 black=0
2234.57,explore_status,exploration_complete
2235.06,frontiers,avail=0 black=0
2235.07,explore_status,exploration_complete
2235.56,frontiers,avail=0 black=0
2235.57,explore_status,exploration_complete
2236.06,frontiers,avail=0 black=0
2236.06,explore_status,exploration_complete
2236.56,frontiers,avail=0 black=0
2236.56,explore_status,exploration_complete
2237.06,frontiers,avail=0 black=0
2237.07,explore_status,exploration_complete
2237.57,frontiers,avail=0 black=0
2237.57,explore_status,exploration_complete
2238.06,frontiers,avail=0 black=0
2238.07,explore_status,exploration_complete
2238.56,frontiers,avail=0 black=0
2238.57,explore_status,exploration_complete
2239.06,frontiers,avail=0 black=0
2239.06,explore_status,exploration_complete
2239.57,frontiers,avail=0 black=0
2239.57,explore_status,exploration_complete
2240.06,frontiers,avail=0 black=0
2240.07,explore_status,exploration_complete
2240.56,frontiers,avail=0 black=0
2240.57,explore_status,exploration_complete
2241.06,frontiers,avail=0 black=0
2241.06,explore_status,exploration_complete
2241.56,frontiers,avail=0 black=0
2241.57,explore_status,exploration_complete
2242.06,frontiers,avail=0 black=0
2242.07,explore_status,exploration_complete
2242.57,frontiers,avail=0 black=0
2242.57,explore_status,exploration_complete
2243.06,frontiers,avail=0 black=0
2243.07,explore_status,exploration_complete
2243.57,frontiers,avail=0 black=0
2243.57,explore_status,exploration_complete
2244.06,frontiers,avail=0 black=0
2244.06,explore_status,exploration_complete
2244.56,frontiers,avail=0 black=0
2244.57,explore_status,exploration_complete
2245.07,frontiers,avail=0 black=0
2245.07,explore_status,exploration_complete
2245.56,frontiers,avail=0 black=0
2245.57,explore_status,exploration_complete
2246.07,frontiers,avail=0 black=0
2246.07,explore_status,exploration_complete
2246.57,frontiers,avail=0 black=0
2246.57,explore_status,exploration_complete
2247.06,frontiers,avail=0 black=0
2247.07,explore_status,exploration_complete
2247.56,frontiers,avail=0 black=0
2247.57,explore_status,exploration_complete
2248.06,frontiers,avail=0 black=0
2248.07,explore_status,exploration_complete
2248.56,frontiers,avail=0 black=0
2248.57,explore_status,exploration_complete
2249.06,frontiers,avail=0 black=0
2249.07,explore_status,exploration_complete
2249.56,frontiers,avail=0 black=0
2249.57,explore_status,exploration_complete
2250.06,frontiers,avail=0 black=0
2250.07,explore_status,exploration_complete
2250.56,frontiers,avail=0 black=0
2250.57,explore_status,exploration_complete
2251.07,frontiers,avail=0 black=0
2251.07,explore_status,exploration_complete
2251.57,frontiers,avail=0 black=0
2251.57,explore_status,exploration_complete
2252.06,frontiers,avail=0 black=0
2252.07,explore_status,exploration_complete
2252.56,frontiers,avail=0 black=0
2252.57,explore_status,exploration_complete
2253.06,frontiers,avail=0 black=0
2253.07,explore_status,exploration_complete
2253.56,frontiers,avail=0 black=0
2253.57,explore_status,exploration_complete
2254.06,frontiers,avail=0 black=0
2254.07,explore_status,exploration_complete
2254.56,frontiers,avail=0 black=0
2254.56,explore_status,exploration_complete
2255.06,frontiers,avail=0 black=0
2255.06,explore_status,exploration_complete
2255.56,frontiers,avail=0 black=0
2255.57,explore_status,exploration_complete
2256.06,frontiers,avail=0 black=0
2256.06,explore_status,exploration_complete
2256.57,frontiers,avail=0 black=0
2256.57,explore_status,exploration_complete
2257.06,frontiers,avail=0 black=0
2257.06,explore_status,exploration_complete
2257.57,frontiers,avail=0 black=0
2257.57,explore_status,exploration_complete
2258.06,frontiers,avail=0 black=0
2258.07,explore_status,exploration_complete
2258.56,frontiers,avail=0 black=0
2258.57,explore_status,exploration_complete
2259.06,frontiers,avail=0 black=0
2259.07,explore_status,exploration_complete
2259.56,frontiers,avail=0 black=0
2259.56,explore_status,exploration_complete
2260.06,frontiers,avail=0 black=0
2260.07,explore_status,exploration_complete
2260.56,frontiers,avail=0 black=0
2260.56,explore_status,exploration_complete
2261.06,frontiers,avail=0 black=0
2261.06,explore_status,exploration_complete
2261.56,frontiers,avail=0 black=0
2261.57,explore_status,exploration_complete
2262.06,frontiers,avail=0 black=0
2262.07,explore_status,exploration_complete
2262.56,frontiers,avail=0 black=0
2262.57,explore_status,exploration_complete
2263.07,frontiers,avail=0 black=0
2263.07,explore_status,exploration_complete
2263.56,frontiers,avail=0 black=0
2263.56,explore_status,exploration_complete
2264.06,frontiers,avail=0 black=0
2264.07,explore_status,exploration_complete
2264.56,frontiers,avail=0 black=0
2264.56,explore_status,exploration_complete
2265.06,frontiers,avail=0 black=0
2265.06,explore_status,exploration_complete
2265.56,frontiers,avail=0 black=0
2265.57,explore_status,exploration_complete
2266.06,frontiers,avail=0 black=0
2266.07,explore_status,exploration_complete
2266.56,frontiers,avail=0 black=0
2266.57,explore_status,exploration_complete
2267.06,frontiers,avail=0 black=0
2267.07,explore_status,exploration_complete
2267.56,frontiers,avail=0 black=0
2267.57,explore_status,exploration_complete
2268.06,frontiers,avail=0 black=0
2268.07,explore_status,exploration_complete
2268.56,frontiers,avail=0 black=0
2268.57,explore_status,exploration_complete
2269.07,frontiers,avail=0 black=0
2269.07,explore_status,exploration_complete
2269.56,frontiers,avail=0 black=0
2269.57,explore_status,exploration_complete
2270.06,frontiers,avail=0 black=0
2270.07,explore_status,exploration_complete
2270.56,frontiers,avail=0 black=0
2270.56,explore_status,exploration_complete
2271.06,frontiers,avail=0 black=0
2271.06,explore_status,exploration_complete
2271.57,frontiers,avail=0 black=0
2271.57,explore_status,exploration_complete
2272.06,frontiers,avail=0 black=0
2272.07,explore_status,exploration_complete
2272.56,frontiers,avail=0 black=0
2272.56,explore_status,exploration_complete
2273.06,frontiers,avail=0 black=0
2273.07,explore_status,exploration_complete
2273.56,frontiers,avail=0 black=0
2273.57,explore_status,exploration_complete
2274.07,frontiers,avail=0 black=0
2274.07,explore_status,exploration_complete
2274.56,frontiers,avail=0 black=0
2274.57,explore_status,exploration_complete
2275.06,frontiers,avail=0 black=0
2275.06,explore_status,exploration_complete
2275.56,frontiers,avail=0 black=0
2275.57,explore_status,exploration_complete
2276.06,frontiers,avail=0 black=0
2276.07,explore_status,exploration_complete
2276.56,frontiers,avail=0 black=0
2276.57,explore_status,exploration_complete
2277.06,frontiers,avail=0 black=0
2277.07,explore_status,exploration_complete
2277.56,frontiers,avail=0 black=0
2277.56,explore_status,exploration_complete
2278.07,frontiers,avail=0 black=0
2278.07,explore_status,exploration_complete
2278.56,frontiers,avail=0 black=0
2278.56,explore_status,exploration_complete
2279.06,frontiers,avail=0 black=0
2279.07,explore_status,exploration_complete
2279.56,frontiers,avail=0 black=0
2279.56,explore_status,exploration_complete
2280.06,frontiers,avail=0 black=0
2280.07,explore_status,exploration_complete
2280.56,frontiers,avail=0 black=0
2280.57,explore_status,exploration_complete
2281.06,frontiers,avail=0 black=0
2281.06,explore_status,exploration_complete
2281.56,frontiers,avail=0 black=0
2281.56,explore_status,exploration_complete
2282.06,frontiers,avail=0 black=0
2282.07,explore_status,exploration_complete
2282.56,frontiers,avail=0 black=0
2282.57,explore_status,exploration_complete
2283.06,frontiers,avail=0 black=0
2283.07,explore_status,exploration_complete
2283.56,frontiers,avail=0 black=0
2283.57,explore_status,exploration_complete
2284.06,frontiers,avail=0 black=0
2284.06,explore_status,exploration_complete
2284.56,frontiers,avail=0 black=0
2284.56,explore_status,exploration_complete
2285.07,frontiers,avail=0 black=0
2285.07,explore_status,exploration_complete
2285.57,frontiers,avail=0 black=0
2285.57,explore_status,exploration_complete
2286.07,frontiers,avail=0 black=0
2286.07,explore_status,exploration_complete
2286.56,frontiers,avail=0 black=0
2286.57,explore_status,exploration_complete
2287.06,frontiers,avail=0 black=0
2287.07,explore_status,exploration_complete
2287.56,frontiers,avail=0 black=0
2287.56,explore_status,exploration_complete
2288.07,frontiers,avail=0 black=0
2288.07,explore_status,exploration_complete
2288.56,frontiers,avail=0 black=0
2288.56,explore_status,exploration_complete
2289.06,frontiers,avail=0 black=0
2289.07,explore_status,exploration_complete
2289.57,frontiers,avail=0 black=0
2289.57,explore_status,exploration_complete
2290.06,frontiers,avail=0 black=0
2290.07,explore_status,exploration_complete
2290.57,frontiers,avail=0 black=0
2290.57,explore_status,exploration_complete
2291.06,frontiers,avail=0 black=0
2291.07,explore_status,exploration_complete
2291.56,frontiers,avail=0 black=0
2291.57,explore_status,exploration_complete
2292.06,frontiers,avail=0 black=0
2292.06,explore_status,exploration_complete
2292.56,frontiers,avail=0 black=0
2292.57,explore_status,exploration_complete
2293.06,frontiers,avail=0 black=0
2293.07,explore_status,exploration_complete
2293.57,frontiers,avail=0 black=0
2293.57,explore_status,exploration_complete
2294.06,frontiers,avail=0 black=0
2294.07,explore_status,exploration_complete
2294.57,frontiers,avail=0 black=0
2294.57,explore_status,exploration_complete
2295.06,frontiers,avail=0 black=0
2295.07,explore_status,exploration_complete
2295.56,frontiers,avail=0 black=0
2295.57,explore_status,exploration_complete
2296.06,frontiers,avail=0 black=0
2296.06,explore_status,exploration_complete
2296.56,frontiers,avail=0 black=0
2296.57,explore_status,exploration_complete
2297.06,frontiers,avail=0 black=0
2297.07,explore_status,exploration_complete
2297.56,frontiers,avail=0 black=0
2297.57,explore_status,exploration_complete
2298.07,frontiers,avail=0 black=0
2298.07,explore_status,exploration_complete
2298.57,frontiers,avail=0 black=0
2298.57,explore_status,exploration_complete
2299.07,frontiers,avail=0 black=0
2299.07,explore_status,exploration_complete
2299.57,frontiers,avail=0 black=0
2299.57,explore_status,exploration_complete
2300.07,frontiers,avail=0 black=0
2300.07,explore_status,exploration_complete
2300.57,frontiers,avail=0 black=0
2300.57,explore_status,exploration_complete
2301.07,frontiers,avail=0 black=0
2301.07,explore_status,exploration_complete
2301.57,frontiers,avail=0 black=0
2301.57,explore_status,exploration_complete
2302.07,frontiers,avail=0 black=0
2302.07,explore_status,exploration_complete
2302.57,frontiers,avail=0 black=0
2302.57,explore_status,exploration_complete
2303.07,frontiers,avail=0 black=0
2303.07,explore_status,exploration_complete
2303.57,frontiers,avail=0 black=0
2303.57,explore_status,exploration_complete
2304.07,frontiers,avail=0 black=0
2304.07,explore_status,exploration_complete
2304.57,frontiers,avail=0 black=0
2304.57,explore_status,exploration_complete
2305.07,frontiers,avail=0 black=0
2305.07,explore_status,exploration_complete
2305.57,frontiers,avail=0 black=0
2305.57,explore_status,exploration_complete
2306.07,frontiers,avail=0 black=0
2306.07,explore_status,exploration_complete
2306.57,frontiers,avail=0 black=0
2306.57,explore_status,exploration_complete
2307.07,frontiers,avail=0 black=0
2307.07,explore_status,exploration_complete
2307.57,frontiers,avail=0 black=0
2307.57,explore_status,exploration_complete
2308.07,frontiers,avail=0 black=0
2308.07,explore_status,exploration_complete
2308.57,frontiers,avail=0 black=0
2308.57,explore_status,exploration_complete
2309.07,frontiers,avail=0 black=0
2309.07,explore_status,exploration_complete
2309.57,frontiers,avail=0 black=0
2309.57,explore_status,exploration_complete
2310.07,frontiers,avail=0 black=0
2310.07,explore_status,exploration_complete
2310.57,frontiers,avail=0 black=0
2310.57,explore_status,exploration_complete
2311.07,frontiers,avail=0 black=0
2311.07,explore_status,exploration_complete
2311.57,frontiers,avail=0 black=0
2311.57,explore_status,exploration_complete
2312.07,frontiers,avail=0 black=0
2312.07,explore_status,exploration_complete
2312.57,frontiers,avail=0 black=0
2312.57,explore_status,exploration_complete
2313.07,frontiers,avail=0 black=0
2313.07,explore_status,exploration_complete
2313.57,frontiers,avail=0 black=0
2313.57,explore_status,exploration_complete
2314.07,frontiers,avail=0 black=0
2314.07,explore_status,exploration_complete
2314.57,frontiers,avail=0 black=0
2314.57,explore_status,exploration_complete
2315.07,frontiers,avail=0 black=0
2315.07,explore_status,exploration_complete
2315.57,frontiers,avail=0 black=0
2315.57,explore_status,exploration_complete
2316.07,frontiers,avail=0 black=0
2316.07,explore_status,exploration_complete
2316.57,frontiers,avail=0 black=0
2316.57,explore_status,exploration_complete
2317.07,frontiers,avail=0 black=0
2317.07,explore_status,exploration_complete
2317.57,frontiers,avail=0 black=0
2317.57,explore_status,exploration_complete
2318.07,frontiers,avail=0 black=0
2318.07,explore_status,exploration_complete
2318.57,frontiers,avail=0 black=0
2318.57,explore_status,exploration_complete
2319.07,frontiers,avail=0 black=0
2319.07,explore_status,exploration_complete
2319.57,frontiers,avail=0 black=0
2319.57,explore_status,exploration_complete
2320.07,frontiers,avail=0 black=0
2320.07,explore_status,exploration_complete
2320.57,frontiers,avail=0 black=0
2320.57,explore_status,exploration_complete
2321.07,frontiers,avail=0 black=0
2321.07,explore_status,exploration_complete
2321.57,frontiers,avail=0 black=0
2321.57,explore_status,exploration_complete
2322.07,frontiers,avail=0 black=0
2322.07,explore_status,exploration_complete
2322.57,frontiers,avail=0 black=0
2322.57,explore_status,exploration_complete
2323.07,frontiers,avail=0 black=0
2323.07,explore_status,exploration_complete
2323.57,frontiers,avail=0 black=0
2323.57,explore_status,exploration_complete
2324.07,frontiers,avail=0 black=0
2324.07,explore_status,exploration_complete
2324.57,frontiers,avail=0 black=0
2324.57,explore_status,exploration_complete
2325.07,frontiers,avail=0 black=0
2325.07,explore_status,exploration_complete
2325.57,frontiers,avail=0 black=0
2325.57,explore_status,exploration_complete
2326.07,frontiers,avail=0 black=0
2326.07,explore_status,exploration_complete
2326.57,frontiers,avail=0 black=0
2326.57,explore_status,exploration_complete
2327.07,frontiers,avail=0 black=0
2327.07,explore_status,exploration_complete
2327.57,frontiers,avail=0 black=0
2327.57,explore_status,exploration_complete
2328.07,frontiers,avail=0 black=0
2328.07,explore_status,exploration_complete
2328.57,frontiers,avail=0 black=0
2328.57,explore_status,exploration_complete
2329.07,frontiers,avail=0 black=0
2329.07,explore_status,exploration_complete
2329.57,frontiers,avail=0 black=0
2329.57,explore_status,exploration_complete
2330.07,frontiers,avail=0 black=0
2330.07,explore_status,exploration_complete
2330.57,frontiers,avail=0 black=0
2330.57,explore_status,exploration_complete
2331.07,frontiers,avail=0 black=0
2331.07,explore_status,exploration_complete
2331.57,frontiers,avail=0 black=0
2331.57,explore_status,exploration_complete
2332.07,frontiers,avail=0 black=0
2332.07,explore_status,exploration_complete
2332.57,frontiers,avail=0 black=0
2332.57,explore_status,exploration_complete
2333.07,frontiers,avail=0 black=0
2333.07,explore_status,exploration_complete
2333.57,frontiers,avail=0 black=0
2333.57,explore_status,exploration_complete
2334.07,frontiers,avail=0 black=0
2334.07,explore_status,exploration_complete
2334.57,frontiers,avail=0 black=0
2334.57,explore_status,exploration_complete
2335.07,frontiers,avail=0 black=0
2335.07,explore_status,exploration_complete
2335.57,frontiers,avail=0 black=0
2335.57,explore_status,exploration_complete
2336.07,frontiers,avail=0 black=0
2336.07,explore_status,exploration_complete
2336.57,frontiers,avail=0 black=0
2336.57,explore_status,exploration_complete
2337.07,frontiers,avail=0 black=0
2337.07,explore_status,exploration_complete
2337.57,frontiers,avail=0 black=0
2337.57,explore_status,exploration_complete
2338.07,frontiers,avail=0 black=0
2338.07,explore_status,exploration_complete
2338.57,frontiers,avail=0 black=0
2338.57,explore_status,exploration_complete
2339.07,frontiers,avail=0 black=0
2339.07,explore_status,exploration_complete
2339.57,frontiers,avail=0 black=0
2339.57,explore_status,exploration_complete
2340.07,frontiers,avail=0 black=0
2340.07,explore_status,exploration_complete
2340.57,frontiers,avail=0 black=0
2340.57,explore_status,exploration_complete
2341.07,frontiers,avail=0 black=0
2341.07,explore_status,exploration_complete
2341.57,frontiers,avail=0 black=0
2341.57,explore_status,exploration_complete
2342.07,frontiers,avail=0 black=0
2342.07,explore_status,exploration_complete
2342.57,frontiers,avail=0 black=0
2342.57,explore_status,exploration_complete
2343.07,frontiers,avail=0 black=0
2343.07,explore_status,exploration_complete
2343.57,frontiers,avail=0 black=0
2343.57,explore_status,exploration_complete
2344.07,frontiers,avail=0 black=0
2344.07,explore_status,exploration_complete
2344.57,frontiers,avail=0 black=0
2344.57,explore_status,exploration_complete
2345.07,frontiers,avail=0 black=0
2345.07,explore_status,exploration_complete
2345.57,frontiers,avail=0 black=0
2345.57,explore_status,exploration_complete
2346.07,frontiers,avail=0 black=0
2346.07,explore_status,exploration_complete
2346.57,frontiers,avail=0 black=0
2346.57,explore_status,exploration_complete
2347.07,frontiers,avail=0 black=0
2347.07,explore_status,exploration_complete
2347.57,frontiers,avail=0 black=0
2347.57,explore_status,exploration_complete
2348.07,frontiers,avail=0 black=0
2348.07,explore_status,exploration_complete
2348.57,frontiers,avail=0 black=0
2348.57,explore_status,exploration_complete
2349.07,frontiers,avail=0 black=0
2349.07,explore_status,exploration_complete
2349.57,frontiers,avail=0 black=0
2349.57,explore_status,exploration_complete
2350.07,frontiers,avail=0 black=0
2350.07,explore_status,exploration_complete
2350.57,frontiers,avail=0 black=0
2350.57,explore_status,exploration_complete
2351.07,frontiers,avail=0 black=0
2351.07,explore_status,exploration_complete
2351.57,frontiers,avail=0 black=0
2351.57,explore_status,exploration_complete
2352.07,frontiers,avail=0 black=0
2352.07,explore_status,exploration_complete
2352.57,frontiers,avail=0 black=0
2352.57,explore_status,exploration_complete
2353.07,frontiers,avail=0 black=0
2353.07,explore_status,exploration_complete
2353.57,frontiers,avail=0 black=0
2353.57,explore_status,exploration_complete
2354.07,frontiers,avail=0 black=0
2354.07,explore_status,exploration_complete
2354.57,frontiers,avail=0 black=0
2354.57,explore_status,exploration_complete
2355.07,frontiers,avail=0 black=0
2355.07,explore_status,exploration_complete
2355.57,frontiers,avail=0 black=0
2355.57,explore_status,exploration_complete
2356.07,frontiers,avail=0 black=0
2356.07,explore_status,exploration_complete
2356.57,frontiers,avail=0 black=0
2356.57,explore_status,exploration_complete
2357.07,frontiers,avail=0 black=0
2357.07,explore_status,exploration_complete
2357.57,frontiers,avail=0 black=0
2357.57,explore_status,exploration_complete
2358.07,frontiers,avail=0 black=0
2358.07,explore_status,exploration_complete
2358.57,frontiers,avail=0 black=0
2358.57,explore_status,exploration_complete
2359.07,frontiers,avail=0 black=0
2359.07,explore_status,exploration_complete
2359.57,frontiers,avail=0 black=0
2359.57,explore_status,exploration_complete
2360.07,frontiers,avail=0 black=0
2360.07,explore_status,exploration_complete
2360.57,frontiers,avail=0 black=0
2360.57,explore_status,exploration_complete
2361.07,frontiers,avail=0 black=0
2361.07,explore_status,exploration_complete
2361.57,frontiers,avail=0 black=0
2361.57,explore_status,exploration_complete
2362.07,frontiers,avail=0 black=0
2362.07,explore_status,exploration_complete
2362.57,frontiers,avail=0 black=0
2362.57,explore_status,exploration_complete
2363.07,frontiers,avail=0 black=0
2363.07,explore_status,exploration_complete
2363.57,frontiers,avail=0 black=0
2363.57,explore_status,exploration_complete
2364.07,frontiers,avail=0 black=0
2364.07,explore_status,exploration_complete
2364.57,frontiers,avail=0 black=0
2364.57,explore_status,exploration_complete
2365.07,frontiers,avail=0 black=0
2365.07,explore_status,exploration_complete
2365.57,frontiers,avail=0 black=0
2365.57,explore_status,exploration_complete
2366.07,frontiers,avail=0 black=0
2366.07,explore_status,exploration_complete
2366.57,frontiers,avail=0 black=0
2366.57,explore_status,exploration_complete
2367.07,frontiers,avail=0 black=0
2367.07,explore_status,exploration_complete
2367.57,frontiers,avail=0 black=0
2367.57,explore_status,exploration_complete
2368.07,frontiers,avail=0 black=0
2368.07,explore_status,exploration_complete
2368.57,frontiers,avail=0 black=0
2368.57,explore_status,exploration_complete
2369.07,frontiers,avail=0 black=0
2369.07,explore_status,exploration_complete
2369.57,frontiers,avail=0 black=0
2369.57,explore_status,exploration_complete
2370.07,frontiers,avail=0 black=0
2370.07,explore_status,exploration_complete
2370.57,frontiers,avail=0 black=0
2370.57,explore_status,exploration_complete
2371.07,frontiers,avail=0 black=0
2371.07,explore_status,exploration_complete
2371.57,frontiers,avail=0 black=0
2371.57,explore_status,exploration_complete
2372.07,frontiers,avail=0 black=0
2372.07,explore_status,exploration_complete
2372.57,frontiers,avail=0 black=0
2372.57,explore_status,exploration_complete
2373.07,frontiers,avail=0 black=0
2373.07,explore_status,exploration_complete
2373.57,frontiers,avail=0 black=0
2373.57,explore_status,exploration_complete
2374.07,frontiers,avail=0 black=0
2374.07,explore_status,exploration_complete
2374.57,frontiers,avail=0 black=0
2374.57,explore_status,exploration_complete
2375.07,frontiers,avail=0 black=0
2375.07,explore_status,exploration_complete
2375.57,frontiers,avail=0 black=0
2375.57,explore_status,exploration_complete
2376.07,frontiers,avail=0 black=0
2376.07,explore_status,exploration_complete
2376.57,frontiers,avail=0 black=0
2376.57,explore_status,exploration_complete
2377.07,frontiers,avail=0 black=0
2377.07,explore_status,exploration_complete
2377.57,frontiers,avail=0 black=0
2377.57,explore_status,exploration_complete
2378.07,frontiers,avail=0 black=0
2378.07,explore_status,exploration_complete
2378.57,frontiers,avail=0 black=0
2378.57,explore_status,exploration_complete
2379.07,frontiers,avail=0 black=0
2379.07,explore_status,exploration_complete
2379.57,frontiers,avail=0 black=0
2379.57,explore_status,exploration_complete
2380.07,frontiers,avail=0 black=0
2380.07,explore_status,exploration_complete
2380.57,frontiers,avail=0 black=0
2380.57,explore_status,exploration_complete
2381.07,frontiers,avail=0 black=0
2381.07,explore_status,exploration_complete
2381.57,frontiers,avail=0 black=0
2381.57,explore_status,exploration_complete
2382.07,frontiers,avail=0 black=0
2382.07,explore_status,exploration_complete
2382.57,frontiers,avail=0 black=0
2382.57,explore_status,exploration_complete
2383.07,frontiers,avail=0 black=0
2383.07,explore_status,exploration_complete
2383.57,frontiers,avail=0 black=0
2383.57,explore_status,exploration_complete
2384.07,frontiers,avail=0 black=0
2384.07,explore_status,exploration_complete
2384.57,frontiers,avail=0 black=0
2384.57,explore_status,exploration_complete
2385.07,frontiers,avail=0 black=0
2385.07,explore_status,exploration_complete
2385.57,frontiers,avail=0 black=0
2385.57,explore_status,exploration_complete
2386.07,frontiers,avail=0 black=0
2386.07,explore_status,exploration_complete
2386.57,frontiers,avail=0 black=0
2386.57,explore_status,exploration_complete
2387.07,frontiers,avail=0 black=0
2387.07,explore_status,exploration_complete
2387.57,frontiers,avail=0 black=0
2387.57,explore_status,exploration_complete
2388.07,frontiers,avail=0 black=0
2388.07,explore_status,exploration_complete
2388.57,frontiers,avail=0 black=0
2388.57,explore_status,exploration_complete
2389.07,frontiers,avail=0 black=0
2389.07,explore_status,exploration_complete
2389.57,frontiers,avail=0 black=0
2389.57,explore_status,exploration_complete
2390.07,frontiers,avail=0 black=0
2390.07,explore_status,exploration_complete
2390.57,frontiers,avail=0 black=0
2390.57,explore_status,exploration_complete
2391.07,frontiers,avail=0 black=0
2391.07,explore_status,exploration_complete
2391.57,frontiers,avail=0 black=0
2391.57,explore_status,exploration_complete
2392.07,frontiers,avail=0 black=0
2392.07,explore_status,exploration_complete
2392.57,frontiers,avail=0 black=0
2392.57,explore_status,exploration_complete
2393.07,frontiers,avail=0 black=0
2393.07,explore_status,exploration_complete
2393.57,frontiers,avail=0 black=0
2393.57,explore_status,exploration_complete
2394.07,frontiers,avail=0 black=0
2394.07,explore_status,exploration_complete
2394.57,frontiers,avail=0 black=0
2394.57,explore_status,exploration_complete
2395.07,frontiers,avail=0 black=0
2395.07,explore_status,exploration_complete
2395.57,frontiers,avail=0 black=0
2395.57,explore_status,exploration_complete
2396.07,frontiers,avail=0 black=0
2396.07,explore_status,exploration_complete
2396.57,frontiers,avail=0 black=0
2396.57,explore_status,exploration_complete
2397.07,frontiers,avail=0 black=0
2397.07,explore_status,exploration_complete
2397.57,frontiers,avail=0 black=0
2397.57,explore_status,exploration_complete
2398.07,frontiers,avail=0 black=0
2398.07,explore_status,exploration_complete
2398.57,frontiers,avail=0 black=0
2398.57,explore_status,exploration_complete
2399.07,frontiers,avail=0 black=0
2399.07,explore_status,exploration_complete
2399.57,frontiers,avail=0 black=0
2399.57,explore_status,exploration_complete
